AreaHaSIG,lat,lon,cluster,year,is_noise
49.26849064,42.05416809975488,-8.25810348807304,5,2024,False
40.1715191,41.00535210382568,-8.098638841540394,5,2024,False
16.69068746,41.590034065981165,-8.17579756616852,5,2024,False
49.08470405,41.74988142866344,-8.33203722098382,5,2024,False
15.36042899,41.801811444275494,-7.796008407157582,5,2024,False
10.84535159,41.672128105412675,-8.128774082634504,5,2024,False
9.02720533,41.99238690680304,-8.468999056903055,5,2024,False
1.63716912,41.184089673412586,-8.232845862048242,5,2024,False
1.45439351,41.09984087283154,-8.343967366257978,5,2024,False
12.68550935,41.679927910095046,-7.902788621586294,5,2024,False
77.82959664,41.80191261089608,-8.71448417646917,5,2024,False
32.08768454,40.99493670366328,-7.989111934237334,5,2024,False
0.70160747,41.359801710356166,-7.844562136021529,5,2024,False
34.56143375,41.95196239918801,-8.598072263246511,5,2024,False
34.44128717,40.98174944645502,-8.11280402645481,5,2024,False
22.4939527,41.964257489921145,-8.596572917502415,5,2024,False
22.53099463,41.156035285329494,-8.25353224763576,5,2024,False
21.50625869,42.0355078760785,-8.22066001801715,5,2024,False
18.64312977,41.900854165892845,-8.444835330809232,5,2024,False
4.12196939,41.48453130310692,-8.035334392725574,5,2024,False
0.88806515,41.525743115751816,-7.881592239388389,5,2024,False
0.05036561,41.509667022778196,-7.974007737790116,5,2024,False
32.52634833,41.584518735762146,-7.961107290241052,5,2024,False
53.29158801,41.7406369271355,-7.952887221934647,5,2024,False
2.76886994,40.846283396516796,-8.159588331234197,5,2024,False
13.29688321,41.66531936052679,-8.095031304445673,5,2024,False
0.81140874,40.47535453664471,-8.059382837626265,-1,2024,True
34.64610954,41.89964292667665,-8.481991855335114,5,2024,False
0.79087522,40.95793839682703,-8.455130450628845,5,2024,False
1.88885339,41.55233008620324,-8.081479839721206,5,2024,False
2.67914939,41.67259220905777,-6.36143761779149,-1,2024,True
0.28820278,41.47881171812303,-8.13689963294255,5,2024,False
0.02400909,41.52187100000454,-8.093866001330728,5,2024,False
0.14016851,41.51010111290667,-8.097033453012417,5,2024,False
4.58988511,41.525238147217884,-8.090216317917195,5,2024,False
1.27003175,40.96190737988204,-8.059132575764387,5,2024,False
0.22782583,40.91595610088826,-7.946194893793828,5,2024,False
0.383084,41.41871715515554,-8.169974953357857,5,2024,False
0.82534618,41.43122677425592,-8.158020433551735,5,2024,False
1.49975372,41.38757005490033,-8.128480867841889,5,2024,False
5.95665689,41.5386158593068,-8.096671444474422,5,2024,False
4.13023342,41.562420019005906,-8.079451453761079,5,2024,False
0.03005652,41.39198254235984,-8.12209344783003,5,2024,False
11.67675373,41.85233116827274,-8.800402174502153,5,2024,False
16.8443498,41.587062308649685,-8.20754407682349,5,2024,False
22.39786938,41.16971538298838,-8.258407556965254,5,2024,False
33.60603521,41.45690958522757,-7.729687015668502,5,2024,False
27.72584318,41.32741834133912,-7.823255164794183,5,2024,False
14.73028995,41.40491725034348,-8.077258129294144,5,2024,False
0.05813966,41.53844859776172,-8.211219894041047,5,2024,False
0.384758,41.505781807254074,-8.216308558966583,5,2024,False
19.05974993,41.020445111560804,-8.15784102358342,5,2024,False
1.21708103,40.96479531002063,-8.485662058848709,5,2024,False
6.18553844,41.6507378344502,-7.912539352196672,5,2024,False
4.97542485,41.68807456947665,-7.896518215746832,5,2024,False
15.1543382,41.46972857256488,-7.764002778493832,5,2024,False
20.66752013,41.42426853993319,-8.019284156723746,5,2024,False
0.4072741,41.05056931881123,-7.896732131892998,5,2024,False
1.20249408,41.34380848605135,-8.277291882642533,5,2024,False
40.61292118,41.94751652862447,-8.420384964085864,5,2024,False
2.39856168,41.393179148648535,-8.18231932145142,5,2024,False
1.44848564,41.389110579752746,-8.130297330178138,5,2024,False
53.59449061,41.7387050514175,-8.339127216954898,5,2024,False
21.5365288,41.66384669447578,-7.905268181100963,5,2024,False
0.1160535,41.480193246585834,-8.179832212178608,5,2024,False
19.69107755,41.99259799125617,-8.235834299963468,5,2024,False
37.18534465,41.603737677715,-7.884728322583384,5,2024,False
0.93229581,41.322561493625656,-8.276910260833832,5,2024,False
0.69393996,41.11598922743145,-8.183157288753272,5,2024,False
3.95117015,41.19520655832313,-8.102808538768977,5,2024,False
4.19434974,41.68874296613095,-7.899223499052981,5,2024,False
9.21753854,41.696312187034856,-7.988491601126388,5,2024,False
2.51841321,41.72476263965726,-7.744770795521444,5,2024,False
2.25153039,41.7280822371347,-7.758496815180395,5,2024,False
4.03264514,41.54422835059935,-8.104191907185433,5,2024,False
0.29819809,41.54813015753937,-8.131671116701852,5,2024,False
9.11741665,41.50359033362516,-8.182608670135327,5,2024,False
3.37611234,41.351539459846634,-8.671127347682058,-1,2024,True
0.15944341,41.52201786157718,-8.091374688034877,5,2024,False
1.1632206,41.38152260475537,-8.241662086464968,5,2024,False
0.75345088,41.39662887418342,-8.220932946396186,5,2024,False
7.47273447,41.59215812129553,-7.9084993739746805,5,2024,False
13.90785945,41.628096808343074,-8.273411452316152,5,2024,False
50.69327651,42.0017098019724,-8.567716682890024,5,2024,False
12.42031562,41.67645460926599,-7.894371053239409,5,2024,False
15.11588881,41.969365136300674,-8.556472551686106,5,2024,False
25.58710026,41.688551118785114,-7.862095462744235,5,2024,False
1.00151175,41.766523590202546,-8.819394869375836,5,2024,False
1.00150978,41.75029592287612,-8.819383649517912,5,2024,False
1.00157549,41.7674435778578,-8.814266310326785,5,2024,False
10.05445922,41.69344207453634,-7.893199713491391,5,2024,False
1.20934113,40.96468228984597,-8.488522778457368,5,2024,False
3.05082539,41.64090071059079,-8.61300352101049,5,2024,False
0.88339652,41.36310082463084,-8.320864162479213,5,2024,False
0.01499324,39.20059769337412,-7.712360106675418,-1,2024,True
1.93779585,41.320967871325685,-8.210769458567523,5,2024,False
3.04159603,41.34625070099723,-8.138667138182614,5,2024,False
0.81933721,41.32793776747934,-8.238715902933311,5,2024,False
5.4167977,38.94478350673242,-7.1472498877484805,3,2024,False
0.01432178,38.81516461179068,-7.149814804293987,3,2024,False
1.29907885,41.457791519365884,-8.11251030803708,5,2024,False
1.50081845,41.49324420995815,-8.085541959367955,5,2024,False
2.00710317,41.46787399815869,-8.204082896261697,5,2024,False
0.0400259,41.493213246175635,-8.092203389379065,5,2024,False
6.33483759,41.675744458586195,-8.637923109923664,5,2024,False
26.29843799,41.8697530809406,-7.509504589102976,-1,2024,True
18.2551166,41.56014050428388,-8.135519882250188,5,2024,False
0.18782027,39.386854769018285,-7.623996210499645,-1,2024,True
8.76350472,41.3253908825311,-8.280052097488023,5,2024,False
11.58944972,38.640769803546824,-7.439350017200972,-1,2024,True
58.73629658,40.987223863421704,-8.204708981067954,5,2024,False
1.76291975,41.61643438538192,-8.758322447056468,5,2024,False
6.00595759,41.762613992586914,-8.800299168299087,5,2024,False
1.81581021,41.6957946821761,-8.646886581336082,5,2024,False
0.61538659,41.76366246437901,-8.818785452591674,5,2024,False
0.00500775,37.18871072970491,-7.435404013207155,-1,2024,True
0.28023992,37.21763216784153,-7.563805386356301,-1,2024,True
0.02002152,37.19176777342597,-7.548185372575215,-1,2024,True
0.06200666,37.18749457128695,-7.430226332704199,-1,2024,True
3.04705519,41.53685262961466,-8.164889209521476,5,2024,False
1.20044058,41.08111688362639,-8.331599158100866,5,2024,False
0.68045922,41.48393248818481,-8.542960590495255,5,2024,False
0.01920421,38.894441452975016,-7.215196605063658,3,2024,False
3.80245031,39.02337135790273,-7.259364792842797,3,2024,False
1.70672411,38.873079595525674,-7.1605141412067335,3,2024,False
37.94483842,39.08662677986658,-7.555663346530814,-1,2024,True
13.68891759,38.270815582460344,-7.305509207102304,-1,2024,True
0.94935361,38.87030867243785,-9.219337991690487,1,2024,False
2.01555342,39.025087204156684,-9.239447553705537,1,2024,False
0.16013789,39.15125199715739,-9.17782375007093,-1,2024,True
0.36260274,39.30384290703248,-8.15537933741529,-1,2024,True
5.23847671,41.93648185062616,-6.90649354376038,-1,2024,True
0.04343128,38.87782313139129,-7.143180796979528,3,2024,False
1.33768293,41.08542823769928,-8.564078247328526,5,2024,False
0.52582983,41.062974340089234,-8.511841112763591,5,2024,False
0.47432014,39.735494337532224,-7.789513600045481,-1,2024,True
168.72442612,37.84875721772095,-8.217740758558685,0,2024,False
125.7556529,37.657454034204385,-7.896238911178627,-1,2024,True
11.2487335,38.90348073357054,-7.113218200600494,3,2024,False
12.78572941,38.9164254881146,-7.595321036576406,-1,2024,True
0.78070054,38.77681271443928,-9.244384776240674,1,2024,False
1.19680055,41.009976089742715,-8.49364760930721,5,2024,False
0.06668354,38.87733344432024,-7.1426926410658815,3,2024,False
3.02272334,41.346254240626756,-8.138662058561174,5,2024,False
12.2812229,41.96787423513697,-8.563896210201971,5,2024,False
0.29741081,41.47471842012197,-8.169214008298836,5,2024,False
41.45693219,41.18140971198404,-7.132889445241905,5,2024,False
1.5274895,41.36003962626358,-7.844367392647042,5,2024,False
1.22945121,41.402657146676084,-7.816025620754062,5,2024,False
4.21086206,41.40341026718752,-7.810249608972459,5,2024,False
15.15361086,38.419691685137124,-8.336256015528066,-1,2024,True
0.85405177,40.98755239373599,-8.199746026432408,5,2024,False
0.39636059,39.61226003798967,-7.559756937596111,-1,2024,True
1.95953041,41.17152136112441,-8.236263830888356,5,2024,False
0.59240758,41.1703340227053,-8.236356981921164,5,2024,False
3.8445853,39.61463467651835,-7.662004716638885,-1,2024,True
47.37923396,42.034496665544545,-8.243665260353026,5,2024,False
0.57949004,38.13187441009356,-8.21321010005888,-1,2024,True
0.71351761,38.04466567383837,-8.085986366629712,-1,2024,True
0.30577111,41.13727330109739,-8.103712804419171,5,2024,False
2.69145652,41.14080803380571,-8.004722364975033,5,2024,False
0.16478179,41.137175803993145,-8.00807900379745,5,2024,False
0.5319587,39.94007643065038,-7.179083411886868,-1,2024,True
1.14884797,39.86684800757023,-7.07393502029848,-1,2024,True
1.18152703,40.068200932621956,-6.983264753076838,-1,2024,True
1.12653393,39.94112376017489,-7.131334825638555,-1,2024,True
1.926906,38.875829347198,-7.887865747851068,-1,2024,True
1.07113684,38.723790884413695,-7.935836411250717,-1,2024,True
0.76075398,38.75341354324983,-7.867329628196078,-1,2024,True
0.00629876,39.192299233383366,-7.66174303995566,-1,2024,True
0.11782414,41.23803512746563,-8.265430220859331,5,2024,False
0.15024037,41.13465004539103,-8.32596272395013,5,2024,False
0.00300848,41.237768875487454,-8.265459421491318,5,2024,False
0.12513842,41.15886984117348,-8.232300841121404,5,2024,False
0.07042826,39.35326520093828,-7.658740306368352,-1,2024,True
6.7511374,41.32549154250601,-8.328175285551604,5,2024,False
0.65399912,41.322525729895105,-8.102200123780246,5,2024,False
2.66297427,41.34289011207761,-8.06859006058194,5,2024,False
3.44639805,41.2818323143058,-8.138675460331067,5,2024,False
0.0501371,41.24514717850485,-8.124317976357062,5,2024,False
3.15156592,41.28720583729154,-8.188465412076036,5,2024,False
0.05612121,41.2989681180232,-8.179311579646328,5,2024,False
0.08346046,41.24233377594081,-8.137785921213544,5,2024,False
0.32149336,41.26955773700538,-8.17046057061972,5,2024,False
0.25254271,41.2690204595299,-8.170814410751584,5,2024,False
0.06528288,41.24156496610932,-8.146967950819226,5,2024,False
0.3032436,41.30397677521538,-8.113713209324107,5,2024,False
0.05833004,41.73446875222776,-6.63561654270973,-1,2024,True
0.00173004,37.15742160427485,-7.561060476283141,-1,2024,True
0.46963768,40.69661891257942,-7.068218466533858,-1,2024,True
0.04434578,39.642711763718594,-7.669921347399069,-1,2024,True
6.51114243,37.220754118047445,-8.792901014041693,-1,2024,True
202.88784893,38.43802492821127,-7.4506738652706925,4,2024,False
14.39105216,41.15789202797085,-7.9111240842810355,5,2024,False
47.4374552,42.0041951068615,-8.603844140422053,5,2024,False
26.3431225,38.78428926339373,-8.288294083146774,-1,2024,True
11.65130113,38.97474828510702,-7.036341032557779,3,2024,False
0.29767527,38.853405190197805,-9.086692339341859,1,2024,False
1.58006869,40.6112801098511,-8.551503683126116,-1,2024,True
0.04039706,39.50007109822558,-7.67963792677015,-1,2024,True
1.13847232,39.330678161394886,-8.494122863033551,2,2024,False
36.85479613,37.770917412425696,-8.404037990004214,0,2024,False
45.60421561,38.14349536613927,-7.233111810394122,-1,2024,True
70.48512889,38.93763545039817,-7.168149551363467,3,2024,False
25.65081573,38.34099709806997,-8.49805122538327,-1,2024,True
44.42010342,38.37930249748471,-8.32041629696705,-1,2024,True
35.11994043,38.32509086789075,-8.369685524425783,-1,2024,True
3.94632113,38.885572368296664,-8.739861871274558,-1,2024,True
0.08234443,41.10261019779609,-8.52612491042654,5,2024,False
2.98998561,39.391992145493674,-8.402158363343238,2,2024,False
0.19880002,41.538290248961616,-6.308371652760797,-1,2024,True
5.04158949,41.71268969490393,-8.231289419546837,5,2024,False
4.37611419,41.75802782575722,-8.24981333513014,5,2024,False
3.84463409,41.758880848927284,-8.256159471059261,5,2024,False
3.37206673,41.663179688573706,-8.193458520372115,5,2024,False
1.05522369,41.68843530688497,-8.298682132685059,5,2024,False
1.12083667,41.75596945080043,-8.259688186361771,5,2024,False
0.99414872,41.68505736123329,-8.237887002790618,5,2024,False
0.00665008,39.25365328618196,-8.34763313883188,-1,2024,True
17.50396032,38.95357324751287,-7.065657768595335,3,2024,False
1.08906705,38.883794026445095,-8.694780031398492,-1,2024,True
0.51739768,39.17245997520928,-8.562989707896879,2,2024,False
16.38170426,37.76208762778942,-8.203904032397563,0,2024,False
14.28872936,39.021949946197054,-7.632950141365175,3,2024,False
23.23954981,37.94911225097453,-8.541865330946612,0,2024,False
13.99180454,37.97449361528239,-8.541007945967651,0,2024,False
0.60507111,39.882060000936455,-7.134617988758602,-1,2024,True
1.26869317,40.9604402647908,-7.703553173978263,-1,2024,True
1.94665572,38.809361466252334,-8.203245271091294,-1,2024,True
0.70312464,38.676060363756974,-8.28631304097607,-1,2024,True
3.41684325,38.675368666269236,-8.126715883455862,-1,2024,True
0.73402675,38.62054831432932,-8.189246759631338,-1,2024,True
48.62270567,41.16230068567912,-7.909231718661984,5,2024,False
18.54488288,38.66606258448984,-7.981266980937069,-1,2024,True
42.66990182,37.74489951898245,-8.355978476622079,0,2024,False
28.3827192,38.890072898419135,-8.743752849997481,-1,2024,True
2.10312444,41.75909626554922,-8.386119570788805,5,2024,False
3.6073153,41.75957631497972,-8.319973033818451,5,2024,False
3.86624334,41.70311663206851,-8.498870448663409,5,2024,False
1.61469087,41.75247904467066,-8.429611135484613,5,2024,False
1.18756891,41.754091638149795,-8.395105200869933,5,2024,False
1.38442714,41.68161073833071,-8.48604122699193,5,2024,False
0.14081291,41.71430729311996,-8.394595385403,5,2024,False
1.98817558,41.74052944476159,-8.328712859323032,5,2024,False
1.66006542,41.74553330097632,-8.415665773717445,5,2024,False
0.41851175,41.63492531546102,-8.50849833484068,5,2024,False
0.22888417,38.71946027145323,-8.982339371322366,1,2024,False
0.21529923,38.681444808390935,-8.77995880051048,1,2024,False
2.8924715,38.66755934633111,-7.571960843674412,4,2024,False
0.32470139,38.31457944925538,-7.833257925738315,-1,2024,True
1.09499914,39.50479201564981,-8.07900003983001,-1,2024,True
0.57339731,38.89378167642557,-7.043259074321638,3,2024,False
0.02121954,38.87797122191218,-7.144516920165832,3,2024,False
0.02900514,39.00805192914408,-7.236411051758412,3,2024,False
8.05401629,38.864708365013286,-7.080754246381149,3,2024,False
0.03896945,38.66138546325975,-8.940075629894691,-1,2024,True
1.65977801,37.1313765700696,-8.13533826488835,-1,2024,True
87.99528471,38.74083011627369,-9.444653960638407,-1,2024,True
64.36524018,39.77678738286526,-8.592546879432016,2,2024,False
123.71156169,37.840652065408996,-7.511051177144872,-1,2024,True
14.26324772,39.077543856925466,-7.497891177691911,-1,2024,True
10.43215159,37.6631478532745,-8.051348147076993,0,2024,False
9.80201428,41.30132122345208,-7.597776639691463,5,2024,False
15.3227274,38.53406358060139,-8.849955025822114,-1,2024,True
55.99728299,39.94963476264788,-7.633504978206056,-1,2024,True
53.3752771,39.78947444066669,-8.52171160969391,2,2024,False
35.4963533,37.57637071038739,-8.649683469744176,-1,2024,True
150.99130506,38.93185322907609,-7.149612415226114,3,2024,False
15.21724811,38.55042074586585,-7.936577361125232,-1,2024,True
13.53228493,38.34787934712945,-8.494353541694633,-1,2024,True
0.11010386,38.88744858588668,-7.210718432647164,3,2024,False
3.49209767,38.55674067894,-7.466221500868218,4,2024,False
0.45738721,38.61337720583102,-7.494420891018569,4,2024,False
3.07342654,38.617741310770285,-8.201259443784245,-1,2024,True
0.21245051,38.790458901309556,-9.211780831965356,1,2024,False
0.55914197,41.80800679469616,-6.695688126975797,-1,2024,True
12.46773331,39.40316139274202,-8.774976306924838,2,2024,False
15.18263652,38.355622628407666,-7.919324048398665,-1,2024,True
0.00439593,39.50012094178086,-7.678471000681071,-1,2024,True
0.45380846,37.91828771754318,-8.1822303782212,0,2024,False
1.79529298,38.16161668584543,-7.669987325662192,-1,2024,True
2.75593152,38.20288395653995,-7.761554914741168,-1,2024,True
0.13850415,37.1807013614839,-7.535763169938451,-1,2024,True
0.52668139,38.44914211401065,-7.64139270384353,4,2024,False
1.1011431,38.87636314495747,-7.1441794822215,3,2024,False
2.10779755,38.12602034604482,-8.234176628829012,-1,2024,True
2.51782309,38.08142414703239,-8.295080614529338,-1,2024,True
1.50337693,38.71510993038226,-8.991282570776603,1,2024,False
1.57706029,38.13735342009796,-7.326071606413045,-1,2024,True
143.13931279,41.77122554366235,-7.463016964144748,5,2024,False
80.34448635,37.78080553044505,-8.163780008425944,0,2024,False
37.79302725,41.17308552674734,-7.945972001556086,5,2024,False
39.97340327,41.59019179622339,-8.183018246989382,5,2024,False
41.83142501,41.85845352926189,-7.468877710361826,-1,2024,True
23.0125002,41.86072054183087,-7.4776898617563115,-1,2024,True
1.28192637,40.66815001819984,-7.862659855863644,6,2024,False
1.56132567,39.1614568163448,-8.538437393270469,2,2024,False
0.55413896,39.317914610691645,-8.398840942595196,2,2024,False
2.49798807,40.51182229110219,-7.747656234214019,6,2024,False
2.06729476,38.195818097977316,-7.410898089393198,-1,2024,True
4.44379194,38.221072451156125,-7.3987805498066335,-1,2024,True
5.03177441,41.481928464851194,-8.5161486326327,5,2024,False
0.52826729,39.00977139495214,-9.321950455664163,1,2024,False
0.12915428,40.60481763764122,-8.099123723790596,-1,2024,True
18.95593892,39.69399858858862,-8.809564863405297,2,2024,False
10.20442356,39.619691240469045,-8.753315822585586,2,2024,False
0.05747414,38.94335916325881,-7.133059573081386,3,2024,False
0.01507923,38.88321018092171,-7.159226301851385,3,2024,False
0.16369265,38.89784217209383,-7.127554868757029,3,2024,False
0.04703917,41.464124375200946,-8.213260519388761,5,2024,False
2.27316202,41.1077767297171,-8.485729681273337,5,2024,False
2.10567029,40.84867082377379,-8.01264729932099,5,2024,False
1.40513147,37.1414261463756,-8.002818664514475,-1,2024,True
0.11247267,39.20264862417437,-7.7577268848359,-1,2024,True
0.24250289,41.023834651411825,-7.745172866710903,5,2024,False
14.33864772,40.6544713265154,-7.309793851185563,6,2024,False
12.27782317,40.736895194737905,-7.216448256435554,-1,2024,True
10.35782292,41.86942865059887,-7.654426233385983,5,2024,False
13.30929972,41.32426054295871,-7.183046782471204,5,2024,False
23.16379744,40.57195058532163,-7.479957585351125,6,2024,False
24.84270973,41.94770234210656,-8.449248496084019,5,2024,False
0.37194708,41.48129439796691,-8.514832046192877,5,2024,False
0.07017636,41.48221054673132,-8.514241340709924,5,2024,False
8.62976952,39.01194335199642,-7.7927911381281705,-1,2024,True
7.08483726,38.993146908474706,-7.607135339778186,-1,2024,True
2.84494983,38.834128278854315,-7.669899980169819,-1,2024,True
2.03449483,41.32181091047367,-7.098291104605234,-1,2024,True
1.45082125,40.56895856307315,-8.556006401949023,-1,2024,True
1.44792151,40.61166189258677,-8.571126463136945,-1,2024,True
0.3723151,41.35667076162432,-8.320505387475164,5,2024,False
1.35630784,41.45917146632332,-8.077500329361737,5,2024,False
0.06532428,41.457115231238944,-8.170533594055026,5,2024,False
81.04920111,40.57519906336621,-7.503575450090582,6,2024,False
445.33066435,41.893748769182224,-6.763268182440788,-1,2024,True
1947.95547833,41.646491152369244,-6.366899590424818,-1,2024,True
0.69549863,39.90182894347947,-7.591256073552027,-1,2024,True
4.13370928,39.831548698755526,-7.463360867742142,-1,2024,True
28.29100195,39.910556360007206,-7.286095985148777,-1,2024,True
18.97912236,41.64382989012462,-6.582282099131412,-1,2024,True
8.90529838,42.0147508861198,-8.58888839182669,5,2024,False
5.86587483,41.83393176994401,-7.849171341660568,5,2024,False
16.67476146,41.57601742640961,-8.300865847377223,5,2024,False
24.48797486,41.827856518452116,-8.366664599312944,5,2024,False
34.8303908,41.74321255729939,-8.517895338718786,5,2024,False
72.86855035,41.93857405619174,-8.382261648178272,5,2024,False
13.85059676,41.896383895624226,-8.415148086927665,5,2024,False
1.73294479,39.88024202978801,-7.358638160927638,-1,2024,True
0.23042207,40.477405318676965,-7.746691251449045,6,2024,False
11.34563983,38.73336732399556,-9.294969921687164,-1,2024,True
308.53039498,41.11622748870496,-8.324411018428147,5,2024,False
0.01526836,39.30504954064348,-7.648705618916442,-1,2024,True
0.74985646,39.36120543728841,-7.953742221675538,-1,2024,True
1.83477008,38.87023138370501,-9.381770842978472,1,2024,False
0.56849998,41.87885646138193,-6.83457515243591,-1,2024,True
1.73209509,41.360091197994414,-8.246912284692849,5,2024,False
39.87664721,40.61361248617553,-7.451054419288332,6,2024,False
85.16278827,40.66597507281778,-7.483663922694916,6,2024,False
8.45217411,41.77446019191213,-7.173176144553339,-1,2024,True
11.71379155,41.662545508823726,-7.381605584525079,5,2024,False
32.05397117,37.70861895373381,-7.928053265145692,-1,2024,True
10.1923027,37.95756416176971,-8.833900390150431,-1,2024,True
8.78964274,41.14613499256156,-7.896634685661408,5,2024,False
22.66074329,40.84399420400688,-8.161606512114062,5,2024,False
0.08331625,40.808058934599444,-7.520885199334373,-1,2024,True
25.08603036,39.29271221145113,-7.4819094935595665,-1,2024,True
13.08047965,41.85629211696814,-8.442305250728884,5,2024,False
10.29820197,41.212446517640274,-7.858883418932571,5,2024,False
31.89851971,40.6103739572961,-7.373719213035947,6,2024,False
56.04416156,38.849848350637046,-7.321366711301905,3,2024,False
21.36536433,39.248066569856626,-8.488686456858193,2,2024,False
2.83941522,39.719976940531524,-8.767180412987464,2,2024,False
4.8461333,41.55190362526552,-8.033220956349718,5,2024,False
0.49880068,41.543247991248585,-8.02373016239505,5,2024,False
0.02878465,41.47314171196789,-8.212212512384536,5,2024,False
1.61969173,41.4598959119544,-8.07699362598181,5,2024,False
0.52521368,41.38247001698348,-8.119260785415031,5,2024,False
0.07897121,41.48114526044818,-8.206951873854141,5,2024,False
0.43687564,41.43159448022141,-8.22244224740759,5,2024,False
0.03008998,41.51415281584692,-8.136457631791497,5,2024,False
1.00546002,41.491975803104715,-8.18446018219638,5,2024,False
0.2949157,38.872762778219304,-9.153361210807208,1,2024,False
398.01889795,41.981520957511314,-8.580233563259386,5,2024,False
35.13913247,41.14198715823133,-8.335155243306662,5,2024,False
97.97548836,41.8338389072539,-8.32159600381964,5,2024,False
17.81237108,39.205141161454264,-8.85164886131619,2,2024,False
0.71915809,41.217642567051335,-8.532816920176884,5,2024,False
0.72722762,39.62089989585492,-8.180026197545146,-1,2024,True
0.60265518,41.123516405992504,-7.987035347562357,5,2024,False
0.76993181,41.12340421253986,-7.986355293488129,5,2024,False
13.18265384,40.27770511326471,-7.3011662924122644,-1,2024,True
23.242343,40.898416752673015,-6.856281346040606,-1,2024,True
14.06729779,39.719808960008066,-8.185750211153863,-1,2024,True
19.91751305,41.67423728683871,-8.125271771760831,5,2024,False
16.27820526,41.25839268335538,-7.955521109652043,5,2024,False
1.03611305,37.690188683001026,-8.105011083420528,0,2024,False
1.43577135,38.878747926863404,-9.073263576890016,1,2024,False
0.41777922,38.96698773836755,-9.02407429759558,1,2024,False
0.51126551,41.13360018473232,-8.098872209426437,5,2024,False
0.13236783,41.13316402635149,-7.994209574845862,5,2024,False
9.74926433,39.952228092397704,-7.481751428412293,-1,2024,True
4.33694177,41.842526883775,-7.6593247262680855,5,2024,False
2.85918933,41.84208561440826,-7.639833913711594,5,2024,False
0.54090926,40.83822381218685,-7.4892081607093965,-1,2024,True
0.87705426,38.90557549640599,-9.064973343932792,1,2024,False
2.11476555,40.00213723668759,-7.623476050110817,-1,2024,True
2.20513132,38.993883641579096,-7.927331318643307,-1,2024,True
1.493604,40.25844900460473,-8.51142587572189,-1,2024,True
2.18358207,39.31722896267703,-8.278198699414835,-1,2024,True
1.66879345,40.650211546473265,-8.475346470202814,5,2024,False
0.26661358,41.13345547353109,-8.096451382007595,5,2024,False
0.38165943,41.11614019490637,-7.995564953088779,5,2024,False
0.09539616,41.09908295617865,-8.058238636252215,5,2024,False
0.58608566,41.09861151873828,-8.057983778509492,5,2024,False
1.78152173,41.14749874973902,-8.062511733648412,5,2024,False
1.75675691,41.13089863228086,-8.107911593967943,5,2024,False
0.10354118,41.13385345856085,-8.097855107734718,5,2024,False
0.10269305,41.10907391585379,-8.061038318009635,5,2024,False
0.1388587,41.182472456830865,-7.901610364703422,5,2024,False
0.65570896,39.26980467248393,-7.560983541428718,-1,2024,True
0.73149508,41.375389965395655,-7.8219579144450275,5,2024,False
0.63422135,40.345364160851844,-8.052228273873563,-1,2024,True
0.97677296,41.76368910696809,-8.767986654124543,5,2024,False
6.43350038,41.29412305507979,-8.27433852536666,5,2024,False
2.51653636,41.278105728513644,-8.329818600893036,5,2024,False
0.65402781,41.27662701655105,-8.264867209183233,5,2024,False
0.26133478,41.2261541999519,-8.083804922142674,5,2024,False
1.24570287,41.22516218753324,-8.070776551801684,5,2024,False
0.62035089,38.023863728177346,-8.285160632393177,0,2024,False
2.26699681,41.27975909849769,-8.259155608452367,5,2024,False
3.17760228,38.10702417695261,-7.827190745709676,-1,2024,True
0.4344218,39.333103278308634,-8.125945259823455,-1,2024,True
0.91018955,41.225809538209965,-8.158963557096598,5,2024,False
1.42539772,41.19917048674085,-8.202963243677608,5,2024,False
0.4146057,41.161165078123645,-8.178697708140408,5,2024,False
0.37118142,41.140067829926714,-8.150097496423122,5,2024,False
0.73069259,41.105398756952745,-8.211570978204207,5,2024,False
18.26684079,37.87108939946565,-7.960272595150975,0,2024,False
117.00477538,39.32095248773532,-7.473980960082945,-1,2024,True
0.90101174,39.3000494711331,-7.726510864120681,-1,2024,True
5.22931052,38.69154552907503,-7.699737989610243,-1,2024,True
4.45465046,38.50219307757765,-7.597074706031835,4,2024,False
1.32322504,40.060444441094646,-7.222724807921278,-1,2024,True
3.23307321,40.12023951420362,-7.175929119334129,-1,2024,True
7.72051164,37.96732888193018,-7.668323962158749,-1,2024,True
0.51975278,38.054346898274886,-7.895573287967464,-1,2024,True
0.57084619,38.50491001192974,-7.5868534358633335,4,2024,False
0.94842335,38.010829501401886,-7.882972145329546,-1,2024,True
1.13762908,37.70887700605275,-8.186494273578116,0,2024,False
3.75224422,37.65127176320301,-8.078750079066873,0,2024,False
2.16466191,39.52999711284789,-9.073771493173927,-1,2024,True
0.72490428,37.127775825546784,-8.643699128269063,-1,2024,True
1.00644191,38.63624593263368,-7.513713611866678,-1,2024,True
0.16290381,38.66747124301623,-7.4038075802388255,-1,2024,True
1.23318164,38.592918505864766,-7.413437496748378,4,2024,False
2.5615231,37.23550967759525,-8.788926938772148,-1,2024,True
5.42788603,38.991849660313136,-8.38605264740458,-1,2024,True
1.85953072,38.71251290053357,-8.988720539178578,1,2024,False
0.02159752,41.27633430275185,-8.131523684355843,5,2024,False
1.70093168,41.36696095186579,-8.242734688825598,5,2024,False
820.72596135,41.74935414620555,-7.133824354244176,-1,2024,True
2.80364767,41.54174061935698,-8.114158825019437,5,2024,False
0.34627295,41.5283754060677,-8.156068578776742,5,2024,False
0.20105737,41.51938050630723,-8.15591176439497,5,2024,False
0.04348665,41.4201458802349,-8.208362387200486,5,2024,False
1238.85530959,41.85049593983773,-8.320344323551403,5,2024,False
220.54519614,41.12839342664885,-6.781959910738757,-1,2024,True
34.75270979,41.3342052904987,-7.246707839124932,-1,2024,True
76.22674347,41.42000504693883,-7.694258430214107,5,2024,False
59.27167427,41.05785056457257,-7.529542152375099,5,2024,False
4.97260354,38.10250686584026,-7.423193708248315,-1,2024,True
56.05418003,41.31381016062865,-7.129801458223599,-1,2024,True
81.27846879,41.75636845305641,-8.400545240532171,5,2024,False
194.45139558,41.552562240335654,-8.111849046059081,5,2024,False
0.45082806,41.315321867117454,-8.092442589405989,5,2024,False
0.15696001,41.324184392849155,-8.060053065464476,5,2024,False
110.26839976,41.72688406809413,-8.231856440035683,5,2024,False
598.222032,42.0131730148619,-8.09850629839897,5,2024,False
63.24015512,38.75393481759326,-7.2856676561247475,3,2024,False
22.43768903,41.05821208281007,-7.895571876603806,5,2024,False
12.38361185,39.4966004900069,-7.499927975110058,-1,2024,True
7.31169204,40.6839217811039,-8.092833720564187,-1,2024,True
0.40914012,41.234407000959955,-7.985954214055501,5,2024,False
0.58174801,41.45757085061544,-8.726085675822352,-1,2024,True
0.8779933,41.29224872914758,-8.145688032297324,5,2024,False
1.40293977,41.3089541497274,-8.16733761723472,5,2024,False
1.07082768,37.234103181844915,-8.16329188987621,-1,2024,True
11.27591255,41.09648813298311,-7.8723969834319085,5,2024,False
17.55856102,41.09454770531845,-7.872523642031712,5,2024,False
12.80971277,41.09353359263129,-7.8794611521606,5,2024,False
14.71394279,41.764174205608604,-8.248140592777649,5,2024,False
59.82174712,41.641754189377224,-8.585248517569745,5,2024,False
25.11972468,38.67340060729695,-8.355378620912523,-1,2024,True
22.58638259,41.790504349189,-8.472291452220176,5,2024,False
13.37678987,41.713195760691434,-8.436359757147441,5,2024,False
13.03889708,37.81502688239448,-8.084925555140245,0,2024,False
2.65439205,41.24976591098873,-8.201549297272646,5,2024,False
15.58839059,39.64212269315865,-8.536118245413599,2,2024,False
18.50332229,41.81487301518017,-8.562001249698076,5,2024,False
39.06195234,41.426302867030635,-8.147325455322402,5,2024,False
31.90480166,41.05994946898794,-8.183009538436567,5,2024,False
14.74380684,41.52145874665988,-8.155035664483082,5,2024,False
19.50685525,41.74691762371098,-8.020182012560934,5,2024,False
2.54030629,41.74570749817177,-8.016066767784169,5,2024,False
28.32197794,41.73297044980886,-8.027600799023174,5,2024,False
11.67668321,41.73003380783822,-8.032553476821336,5,2024,False
0.65077611,40.60952094963233,-7.822608048768162,6,2024,False
1.51375594,40.61446862600461,-7.638049347238012,6,2024,False
0.556659,40.616745370638036,-7.633843021889382,6,2024,False
0.1401544,40.57045493262163,-7.641862643632695,6,2024,False
0.23514261,40.60699053833362,-7.636138486084774,6,2024,False
0.51708797,40.584509571771115,-7.63491895969561,6,2024,False
0.13684049,40.58729893353026,-7.805527873924452,6,2024,False
0.10579558,40.61588538362977,-7.634842920381084,6,2024,False
0.052393,40.58382038242537,-7.832838019649961,6,2024,False
0.04898745,40.61624328143052,-7.805462135549934,6,2024,False
0.02569327,40.60600164222305,-7.864074496126926,6,2024,False
0.02431495,40.63272529008318,-7.814708686887847,6,2024,False
0.00314831,40.615986772380786,-7.635443455445849,6,2024,False
7.76158415,37.816979451549344,-8.084508270475009,0,2024,False
11.30356536,41.01811446288421,-7.928400603991109,5,2024,False
12.11763327,41.48301253190329,-8.43823011478334,5,2024,False
824.23718991,38.563660470731364,-9.135341230409791,-1,2024,True
2.08576238,39.18859959970245,-8.558045075072178,2,2024,False
0.15374731,41.361042949497815,-6.713753962916255,-1,2024,True
18.6456268,39.39180116843463,-7.567673712374219,-1,2024,True
1.35845115,38.83465876453609,-9.204404350157015,1,2024,False
0.67611105,40.742583309696606,-7.2390455217123995,6,2024,False
41.20788663,39.809052495125655,-8.338335352544405,2,2024,False
0.08979532,41.62313631329054,-8.738024078599658,5,2024,False
0.7052574,39.12411916403714,-9.232760167084868,1,2024,False
0.61173194,40.59565669232939,-7.965128285752673,6,2024,False
0.33612001,37.07357236642065,-8.765504921550413,-1,2024,True
196.71899456,41.77839511049941,-8.385769666284023,5,2024,False
939.09215737,40.12197993190021,-7.695021590115145,-1,2024,True
0.57682868,40.07598951276072,-7.5800667676747135,-1,2024,True
0.66126761,39.69429036951735,-7.390413796170283,-1,2024,True
1.06002119,41.53573908409535,-8.071838342638884,5,2024,False
1.20802557,41.420207459451824,-8.207588322020358,5,2024,False
0.64686869,41.4708512339391,-8.209212239517456,5,2024,False
0.04601867,41.431190598526584,-8.221817432302196,5,2024,False
2.88674279,41.264423066760195,-6.598659925421989,-1,2024,True
1.76052361,41.7135055758743,-8.792106603489428,5,2024,False
1.19710246,40.949123490042155,-8.490073319022367,5,2024,False
0.0961753,38.829606917262126,-9.172856480086622,1,2024,False
4.42577677,40.113866644685835,-8.542209336717976,-1,2024,True
3.15344158,40.11070065908306,-8.520890129464863,-1,2024,True
411.88529091,41.956457245282444,-8.490286905958367,5,2024,False
38.09340388,41.966925018560026,-8.46239971777608,5,2024,False
12.26993483,41.40176056648201,-8.062711518143788,5,2024,False
96.05800083,41.95493967447687,-8.455559601283422,5,2024,False
2.51155813,38.9930683036372,-9.128829597585165,1,2024,False
36.68620929,40.817363945292925,-8.4449143676469,5,2024,False
8310.40610942,40.64599896546038,-8.387165536456413,-1,2024,True
6257.761866,40.766869896717665,-8.436981303474141,5,2024,False
445.67073881,41.12509463669372,-8.50425626810808,5,2024,False
3.60699612,41.10832703866061,-8.493275876864361,5,2024,False
4075.19954609,41.097519789168246,-8.428678560323153,5,2024,False
333.6628282,41.10574702463452,-8.331023016713614,5,2024,False
0.67436475,41.25554473382919,-8.313966294355865,5,2024,False
0.1813854,39.4753645802376,-8.006068507703647,-1,2024,True
0.60215049,41.292554483834095,-8.272107544600047,5,2024,False
0.02143285,41.43035487821412,-8.20407261461918,5,2024,False
0.39155973,41.44678221629897,-8.120187811512103,5,2024,False
0.01724612,41.42849903525638,-8.212569687247049,5,2024,False
0.12753662,41.43992882840199,-8.194810082893293,5,2024,False
0.04119873,41.44184717056811,-8.195349595223396,5,2024,False
0.53497042,41.53745917923823,-8.079279948144205,5,2024,False
0.01055678,41.442889628538964,-8.196299190971382,5,2024,False
0.35627658,41.41882102100982,-8.137337105293494,5,2024,False
1.65550656,41.440665268181746,-8.194026375873024,5,2024,False
0.09703948,41.45024264725367,-8.229832257324183,5,2024,False
0.6435586,41.454319727473596,-8.122447712130436,5,2024,False
0.00502895,41.44964324393853,-8.132011812796023,5,2024,False
1.428022,41.49494870020903,-8.1766647341054,5,2024,False
0.01110928,41.40234247152399,-8.113607135076784,5,2024,False
2.71472286,38.854648238269064,-7.5788057575553225,-1,2024,True
0.70019,38.8499943802116,-7.5797606278964444,-1,2024,True
6.37892283,41.103294987861176,-6.814882844868548,-1,2024,True
0.0274281,41.14767307959302,-6.789250650098888,-1,2024,True
0.0251282,41.19151557339581,-6.753136053366181,-1,2024,True
7951.52784401,40.689489531944155,-8.45707047757291,5,2024,False
273.66886255,41.444432922046545,-7.048470406950521,-1,2024,True
5.44327084,41.108615847076145,-8.589489145971925,5,2024,False
2.47354547,41.0235849198145,-8.580605848418845,5,2024,False
3.09417711,41.210328192644056,-8.233412653549266,5,2024,False
2.05278364,41.209554401287434,-8.253807201066184,5,2024,False
1.97047453,41.21031755725164,-8.250826348066248,5,2024,False
0.83910497,41.1984059807054,-8.262851886800346,5,2024,False
0.87037815,40.907570227535444,-7.581093905076652,-1,2024,True
0.49500894,41.197788094486086,-8.262929207927273,5,2024,False
1.71090806,41.027722892003574,-8.077540957693554,5,2024,False
407.18020187,40.47219845295827,-7.82351880625047,6,2024,False
314.48955883,40.249920839154164,-7.9975433996233996,-1,2024,True
134.93952733,40.184535732866756,-8.381158206487624,-1,2024,True
0.13483542,41.08668243630967,-8.549965653449618,5,2024,False
1.24428707,41.7718851277629,-7.169958436919899,-1,2024,True
0.54224498,41.89245961564891,-6.944499198665553,-1,2024,True
1.39134286,41.77447026293839,-7.171275120989495,-1,2024,True
3.33481608,41.73125007605431,-7.0906633758175746,-1,2024,True
0.62957433,40.601512389025814,-7.971602700667169,6,2024,False
1.17481651,40.54186615974459,-7.939659490961965,6,2024,False
1.65698343,40.629358089707104,-7.922168191261844,6,2024,False
13.49388354,40.67700349837523,-7.7900304050827005,6,2024,False
0.61096463,41.913133085179865,-6.891633175786287,-1,2024,True
6086.86716152,40.451276142124335,-7.944739908867697,-1,2024,True
789.8736468,40.546504847440374,-7.810221473681852,6,2024,False
98.63870268,40.94396136687587,-8.057156478789189,5,2024,False
13735.68072107,40.93141823330411,-8.09033971100883,5,2024,False
775.86606476,41.134355381523356,-8.186413166954226,5,2024,False
5.85194955,41.101435014226084,-8.047577499378159,5,2024,False
5961.44784467,41.18901922631721,-8.02201420303805,5,2024,False
855.22907912,41.223399280339244,-7.968810192223669,5,2024,False
50.8689342,41.36054286031346,-8.038116087728712,5,2024,False
78.25179422,41.340739820653205,-8.126843530564592,5,2024,False
44.29655508,41.528533283109546,-7.904733655809406,5,2024,False
796.52425119,41.55732911483406,-7.9453393593431425,5,2024,False
2704.49784484,41.55015537689806,-7.8784689875501694,5,2024,False
1.78934176,38.853130679378175,-7.58998691588563,-1,2024,True
0.80989049,39.02932641666371,-7.061650949306716,3,2024,False
3.03450622,38.95775447894142,-7.0683297934519596,3,2024,False
1.1232053,38.933149187553276,-7.053928445418661,3,2024,False
0.91842187,38.95573290074612,-7.079268908173923,3,2024,False
1.49034816,39.02413477881825,-7.042272335607308,3,2024,False
5.96656779,38.96515888298546,-7.058458545905886,3,2024,False
5.33311051,38.96615214114589,-7.072330267455766,3,2024,False
0.54647347,38.96892670014946,-7.07089543627655,3,2024,False
1.06821777,39.04161863163903,-7.100598796731915,3,2024,False
0.37972281,41.469000617615336,-8.43899426596404,5,2024,False
0.66657962,41.46684747671935,-8.437752024906251,5,2024,False
7.36974727,41.46784798817966,-8.437616314461096,5,2024,False
4.5604399,41.57197762515055,-8.502739245951357,5,2024,False
0.94901468,41.54010893965834,-8.472917303024596,5,2024,False
19.28594304,41.53813390129256,-8.472372429588802,5,2024,False
61.23525401,41.53924116647846,-8.465729297204394,5,2024,False
2.0856465,41.4782978987744,-8.459782140249413,5,2024,False
1.99979331,41.47912492734513,-8.460271725817943,5,2024,False
2.04735239,41.479122790502956,-8.457958909104827,5,2024,False
8.62923939,41.22224847973926,-8.195940205253052,5,2024,False
0.08011532,40.4727518022973,-7.706587048303061,6,2024,False
0.88877166,41.52256268842019,-8.47805033826222,5,2024,False
0.51123052,41.52303379371023,-8.478674624103833,5,2024,False
0.12491418,41.522046181901594,-8.478274497822154,5,2024,False
2.34313432,41.16075572444585,-8.218514942125243,5,2024,False
1.2316404,41.14031942113269,-8.334157104026614,5,2024,False
1.10152083,41.187486304503615,-8.263439566505575,5,2024,False
0.74095028,41.09648366406687,-8.285182669220912,5,2024,False
0.6589248,41.23153158678258,-8.217867015315232,5,2024,False
0.5807441,41.18491406334202,-8.261823092420986,5,2024,False
0.4999091,41.20500416818595,-8.237625020088391,5,2024,False
0.47659839,37.7280752678224,-8.191052373680538,0,2024,False
0.55004888,38.91361589231438,-8.68034128508356,-1,2024,True
1270.67891804,41.75560999398086,-7.3762050540500494,5,2024,False
85.36735096,38.8645777680372,-7.898869068371321,-1,2024,True
0.93034839,39.14969530041167,-8.555387140099786,2,2024,False
0.60992627,41.19761885035791,-8.26219197292883,5,2024,False
0.04650407,41.13933062674412,-7.035925706661233,-1,2024,True
0.33203398,41.22618385871295,-7.168658869179652,5,2024,False
0.25662639,41.14142385045067,-7.006071981888192,-1,2024,True
0.60190697,40.75570496164636,-7.1085540039415935,-1,2024,True
0.31743549,41.12982619987986,-6.997409880153939,5,2024,False
0.42613815,41.23271427680225,-7.068094377399805,-1,2024,True
0.0150529,41.189410940031024,-7.1338929733595124,5,2024,False
0.33456185,38.92358090903197,-9.324151094460888,1,2024,False
1084.11147422,41.58789540673696,-7.599516350493547,5,2024,False
597.92792933,41.53581971328364,-7.590735570298112,5,2024,False
3850.48908183,41.42061806646587,-7.671794378059627,5,2024,False
2308.86661697,41.4391049815744,-7.731471208329043,5,2024,False
0.96313067,40.6511424909817,-7.054922276566702,-1,2024,True
1305.50896491,41.09918161768231,-7.871691914897185,5,2024,False
1.10900449,40.73833896040448,-7.534630957029537,6,2024,False
39.314054,41.55521594786432,-7.926574639353344,5,2024,False
0.73148419,38.08641743982665,-8.031288329317949,-1,2024,True
0.43275143,39.45149633046666,-7.978707626025825,-1,2024,True
0.00196834,41.483362791365565,-8.465681307138233,5,2024,False
0.01002165,41.48338821053461,-8.466176537147394,5,2024,False
0.79758593,41.48384546079435,-8.465617638753455,5,2024,False
0.50216371,41.489380933690356,-8.476594613573763,5,2024,False
0.1039559,41.483942787991545,-8.466109426059798,5,2024,False
2.24912267,39.8711141335611,-6.992069302902748,-1,2024,True
3.00195481,41.49165719854744,-8.10172656139674,5,2024,False
1507.39121957,41.626383482990036,-8.277040664349583,5,2024,False
1.9555882,41.63161294153677,-8.288600933271534,5,2024,False
2.57923918,41.63118700121722,-8.286886082127362,5,2024,False
2.45312805,41.630748360784374,-8.28420483755269,5,2024,False
1.87482968,38.175682168070544,-8.525896172552454,0,2024,False
1.5379028,39.18023412929701,-8.437594348381152,2,2024,False
0.77111584,38.13306468686828,-8.779399873375164,-1,2024,True
3.02549274,38.6034020295362,-8.98089175750921,-1,2024,True
1.50117296,41.47901479100986,-8.507563902880316,5,2024,False
0.74658459,41.47601099751371,-8.440064419150529,5,2024,False
3.06737065,40.257685341467116,-7.629207431427459,-1,2024,True
2.16169867,40.19629901426636,-7.541996519132749,-1,2024,True
1.20550978,41.67634443654283,-6.686172714003528,-1,2024,True
1.96447659,40.246016496252444,-7.3837810962923225,-1,2024,True
885.24947251,41.474743662138394,-8.092362036852679,5,2024,False
300.99553211,41.4224807552487,-8.202715484238015,5,2024,False
216.90446902,41.4229729798842,-8.222816729727178,5,2024,False
145.43643446,41.52868759597801,-8.141006498930444,5,2024,False
1.2784687,40.25509199006786,-7.639570470778479,-1,2024,True
0.09554064,38.62372924195837,-8.656819896736188,-1,2024,True
7.57200349,41.37660231821824,-8.194983007951338,5,2024,False
0.13720203,38.699613896072556,-8.78182976631934,1,2024,False
1082.98598416,41.2158510385459,-7.882535910747059,5,2024,False
209.85499615,41.53675451796851,-8.191021480874358,5,2024,False
1039.2093881,41.54699935538436,-8.1647389102033,5,2024,False
5.10698851,41.528108744528694,-8.135695766348102,5,2024,False
8.80814718,41.524386701210204,-8.14422019120883,5,2024,False
3.69863912,41.5238994970497,-8.146933411858505,5,2024,False
5.19800351,40.58113339561406,-8.63553133719292,-1,2024,True
0.35479506,38.90684289756168,-7.1799219359616195,3,2024,False
0.19091845,38.87365945730126,-7.201156623738061,3,2024,False
0.11250828,38.88270305384411,-7.158872598896082,3,2024,False
0.02124825,38.877860987555735,-7.143681444841904,3,2024,False
0.0503395,38.87685122697095,-7.143541987642726,3,2024,False
0.00211583,38.89341755211229,-7.16418606810058,3,2024,False
0.00954714,38.88324983419844,-7.159141583244191,3,2024,False
0.09035945,38.87769783212266,-7.152671334806455,3,2024,False
0.72637345,38.87073850544404,-7.213490255794697,3,2024,False
32.61530755,41.70237512920348,-8.22964141180838,5,2024,False
121.86052479,41.20275633262745,-8.224034895030343,5,2024,False
277.96551501,41.30089547487107,-8.438521792769324,5,2024,False
463.99374544,41.333404946381414,-8.362730593055552,5,2024,False
3.06422321,41.21181837436025,-8.235807098680807,5,2024,False
106.51357368,41.20737353729235,-8.220847660293357,5,2024,False
73.39515031,41.12168648380909,-8.152773517726066,5,2024,False
23.9533421,40.59031816835075,-7.500528608346511,6,2024,False
15.33359649,40.58626400606238,-7.467038810766232,6,2024,False
17.47741595,41.421295691923994,-8.461072109271674,5,2024,False
28.18183117,39.77085062317866,-8.698152848307645,2,2024,False
43.17918256,40.59882643360205,-6.927080855698308,-1,2024,True
0.68591494,41.36865545549923,-8.249628993424194,5,2024,False
3.90830601,41.37757991921945,-8.201339397549333,5,2024,False
1.95256249,41.304429933432566,-8.210196963283343,5,2024,False
1.53303933,41.346125250601276,-8.258469142932018,5,2024,False
2.75431442,41.35755650013332,-8.174439145648158,5,2024,False
1.20125031,41.347199307749484,-8.259941457341329,5,2024,False
21.07668135,40.40216789889937,-7.216362269032258,-1,2024,True
91.72583872,41.57830946505493,-8.04777252487843,5,2024,False
379.2261103,41.285877983952616,-8.153539396490888,5,2024,False
3.52292089,41.29105367604141,-8.158145155135669,5,2024,False
0.4241962,39.03712081168704,-7.032825670428272,3,2024,False
0.67929795,39.00393952461944,-7.038972903013395,3,2024,False
1.45881554,41.005985624777054,-7.054084760066406,-1,2024,True
13.26935526,40.70733030491408,-7.674664399643739,6,2024,False
2567.11589508,40.68132280238318,-7.668983169578194,6,2024,False
0.47287566,41.00079534423346,-7.061889760109877,-1,2024,True
315.5367016,40.031704446621035,-7.540048390857095,-1,2024,True
11.40373778,39.708955673789944,-8.62822858031282,2,2024,False
299.04424887,41.50092724590287,-8.151954551548572,5,2024,False
73.69704136,40.77003322870657,-7.511248315396664,6,2024,False
45.32199146,41.03174384590901,-8.474783267672882,5,2024,False
2.30712796,41.129517132202,-7.216763365247653,5,2024,False
1.94755283,38.09859592795628,-8.428412417509593,-1,2024,True
0.67364541,38.583266736305475,-8.918751732942807,1,2024,False
0.40662026,41.34427276060154,-8.139502376837312,5,2024,False
1.65055202,41.36282582354122,-8.243757812296069,5,2024,False
3.10685033,41.30559908352913,-8.22749106301231,5,2024,False
1.59807148,41.332275811245026,-8.243092259461243,5,2024,False
8.85396462,41.32757339915962,-8.243093629534679,5,2024,False
9.40173582,41.12939482835942,-8.249152255026608,5,2024,False
83.53580762,41.90182378357848,-8.755017845510443,5,2024,False
469.98027539,41.34807508504304,-7.563471907337763,5,2024,False
129.49986127,41.26233316702533,-8.21246456805094,5,2024,False
135.19467611,41.55765118523196,-8.041797031235571,5,2024,False
213.32375862,41.47152138353905,-8.214670110189399,5,2024,False
20.18987146,41.458765844941,-8.245027956635145,5,2024,False
23.549034,41.401013950977735,-8.114135632215064,5,2024,False
61.05833908,41.39542030530816,-8.166903003297586,5,2024,False
54.95667726,41.24349845536843,-7.867726834800181,5,2024,False
26.5155677,41.10117130484042,-7.937531703857388,5,2024,False
0.38356074,41.50381376782296,-8.479782459097322,5,2024,False
91.85433045,41.2465323999186,-8.164950073576408,5,2024,False
35.91252913,41.361084159481315,-8.254517500129595,5,2024,False
24.54066593,41.36529956687792,-8.246110173023734,5,2024,False
55.02127278,41.70236032109538,-8.518272575619868,5,2024,False
6.29678847,41.6978891120133,-8.515108824905885,5,2024,False
21.13820384,41.68395195161476,-8.481985737709461,5,2024,False
14.03028774,41.72554498509971,-8.511482974515932,5,2024,False
23.04130294,41.650186540921936,-8.102060684964936,5,2024,False
15.55383845,41.33141512978905,-8.247180708508848,5,2024,False
151.35082863,41.03484063423385,-7.474629228624285,5,2024,False
37.34848509,41.563402162383845,-8.095625463641682,5,2024,False
57.86795206,41.457064496963426,-8.729711175930474,-1,2024,True
212.15399604,41.76400468477275,-8.329607438573662,5,2024,False
11.80308778,41.40816189866057,-8.036609388704111,5,2024,False
106.25549986,41.79801451168167,-7.64255516813149,5,2024,False
15.51992125,38.94936221583244,-9.253393007196903,1,2024,False
1.18735632,39.76172074153984,-7.4397789103424365,-1,2024,True
36.92380949,41.220598310525446,-8.265396446655021,5,2024,False
12.38321179,41.38775069233631,-8.076392838226552,5,2024,False
54.92322414,41.7574832190132,-8.388447466282887,5,2024,False
12.13476365,41.29809856173021,-7.809246877116525,5,2024,False
15.25415685,41.236633015473096,-7.633663925927774,5,2024,False
10.1755739,41.877663035191745,-8.222613265204762,5,2024,False
10.5434933,41.03516004513217,-7.264269119289118,-1,2024,True
101.91985613,41.65354762730421,-7.5650630373463,5,2024,False
57.32057042,41.73561845465957,-8.355191529135054,5,2024,False
63.03131858,41.17360100418668,-8.209432751446537,5,2024,False
12.92050413,41.171118291143436,-8.201135581431664,5,2024,False
82.28658303,41.18728016148528,-8.178024505394964,5,2024,False
34.95725549,41.005384899723744,-7.937903561241801,5,2024,False
3.89364892,39.774651643914005,-8.859251477311755,2,2024,False
0.71107831,40.86515503698588,-8.269360349172599,5,2024,False
1.04946916,40.99329209914126,-8.101834304901622,5,2024,False
0.40427585,40.95395374199269,-8.271383217472154,5,2024,False
6.47274932,40.99338645656236,-8.100171862490294,5,2024,False
1.36788477,40.92586037365655,-8.208900638210306,5,2024,False
1.06661384,41.22938133785218,-8.272185227336312,5,2024,False
0.39742068,41.2791624670207,-8.355630806923854,5,2024,False
0.66363036,41.28539498378894,-8.418315471419298,5,2024,False
0.37186658,41.28759314718408,-8.406195630419688,5,2024,False
1.06908628,41.29895030286588,-8.331979005851766,5,2024,False
5.50990736,41.23868196021586,-8.706295709841275,-1,2024,True
0.57036046,38.49446127691543,-7.398128180265891,4,2024,False
0.53678295,38.459727520950125,-7.494368196766061,4,2024,False
0.4988085,41.22819810310721,-7.030099710337676,-1,2024,True
0.56117649,38.44677167968915,-7.418327796913746,4,2024,False
0.59079958,38.449600741079,-7.5598582425963885,4,2024,False
1.54349031,38.41695158015635,-7.569390355303022,-1,2024,True
1.5734564,38.33636435348152,-7.50988574024958,4,2024,False
1.61386151,38.41778894667773,-7.568030095106412,-1,2024,True
1.88609958,38.444417002171754,-7.562478039439888,4,2024,False
7.02048935,38.450351132825,-7.420289581399729,4,2024,False
4.37623024,38.37747470926473,-7.5239265325423945,4,2024,False
0.64177368,41.34430152458726,-8.260116864367095,5,2024,False
1.40071481,41.0000768156964,-8.470894147154805,5,2024,False
0.62603739,40.98408342060235,-8.590692249668999,5,2024,False
0.83951669,40.948323096763374,-8.48992524396704,5,2024,False
1.13569735,41.886811943281536,-6.710380077858996,-1,2024,True
3.90852496,41.71464931807069,-6.810788097631035,-1,2024,True
0.72173697,41.01629559818915,-8.489576117687308,5,2024,False
5.18715601,41.943380005704,-6.9821479598022504,-1,2024,True
2.17734326,41.85562270080602,-7.1502672010790596,-1,2024,True
3.03324406,41.914999350229266,-7.160573930079173,-1,2024,True
1.07693641,41.310027627282274,-8.524681308792493,5,2024,False
4.7542829,41.476576592654894,-8.500369175968041,5,2024,False
0.54749671,40.138395173311125,-8.70673527107713,-1,2024,True
0.46119903,41.12831744099123,-8.252020335595951,5,2024,False
0.63080451,41.20722780078823,-8.245549563217901,5,2024,False
1.22044044,41.701754544076515,-8.449535908975102,5,2024,False
4.59998411,41.419770101223996,-8.479033604685485,5,2024,False
0.37541167,41.04011994912163,-7.750915077007328,5,2024,False
0.94000621,37.02669065327311,-7.861898397765304,-1,2024,True
0.73493551,41.192198892371295,-8.548773653216534,5,2024,False
0.8676467,39.790028986724245,-7.87186664438542,-1,2024,True
7.88547957,41.00093618361644,-8.058049330701792,5,2024,False
62.51223135,40.99477895826116,-8.065374681261074,5,2024,False
86.36347655,41.038162503663564,-8.062134442168299,5,2024,False
1045.95099436,41.02801172381584,-8.080942938525943,5,2024,False
181.96809334,41.066308461185,-8.116516607645549,5,2024,False
0.59763962,41.07391071568469,-8.05270154386004,5,2024,False
0.76210106,41.71349545997136,-8.387539786144595,5,2024,False
7.14566163,41.692999891785114,-8.469598108327617,5,2024,False
2.1482213,41.76495762082449,-8.380203641673544,5,2024,False
1.40207266,41.702031305558386,-8.495490727299364,5,2024,False
3.2331462,41.70102560891337,-8.497176491001568,5,2024,False
1.49226353,41.719963722129826,-8.338386520088832,5,2024,False
1.81228877,41.57359347615185,-8.498778173914113,5,2024,False
4.29060477,41.716869135559136,-8.330913421757558,5,2024,False
0.86160502,41.72421382455954,-8.49775634266311,5,2024,False
22.88478783,41.13767494720608,-8.251910737830034,5,2024,False
1.79233651,41.13452287580767,-8.250422218836237,5,2024,False
1.81357187,41.17620825350261,-8.217907180329156,5,2024,False
343.30265594,41.19562247489952,-8.24556761647985,5,2024,False
17.57979166,41.178183115354926,-8.217894140198933,5,2024,False
0.49060823,41.176549057668254,-8.213866845001021,5,2024,False
1.6133195,40.678282312734055,-7.572626038083421,6,2024,False
75.86074928,41.42056466653978,-8.46915978727274,5,2024,False
2.24092176,41.699869640831764,-8.644348938642338,5,2024,False
118.80283443,41.69368941222779,-8.643155322813495,5,2024,False
31.12380321,40.969483203588794,-8.048718723502633,5,2024,False
12.10617157,40.86645740549408,-8.259898681891737,5,2024,False
2.01950618,38.96008154462623,-9.245024436977097,1,2024,False
0.50446896,40.65356015313201,-7.585924833273274,6,2024,False
5.42076877,40.80645625898715,-8.297207977387597,5,2024,False
16.63371002,41.46069876242154,-8.438194702741102,5,2024,False
15.29766912,41.391522500313556,-8.5969305325118,5,2024,False
12.00995701,40.51484508771165,-7.54272353128596,6,2024,False
12.48168466,41.7916492718814,-8.712982774747237,5,2024,False
32.9373499,41.316526855459614,-8.037688477858445,5,2024,False
2652.4924271,41.33802470873602,-8.06588868885839,5,2024,False
25.61118314,41.18220743305486,-7.896849766633261,5,2024,False
5.27512378,41.18136717053745,-7.940834943876152,5,2024,False
5.88071933,41.240736631474164,-8.398846957091697,5,2024,False
11.60135009,41.1559532872155,-8.28890585208832,5,2024,False
1.79426325,41.80402743358793,-8.514971694810445,5,2024,False
2.29557575,41.73774071870146,-8.51868295790121,5,2024,False
10.40365985,41.133153964267954,-7.442025484978277,5,2024,False
2.6657354,40.55759464806958,-8.339585964485217,-1,2024,True
0.78012614,41.465872869578725,-6.897818379191059,-1,2024,True
3.94923661,39.11295163031211,-9.045850707405418,1,2024,False
3.5675858,39.11786131263413,-9.048087975549791,-1,2024,True
0.93567241,39.11670745955063,-9.054132061194299,1,2024,False
1.21128442,39.080890748685036,-9.008688698134145,1,2024,False
0.87771915,39.061627164616745,-8.986451510733707,1,2024,False
2.74816897,40.958754696546464,-8.162342643980153,5,2024,False
0.04649612,38.89275692231298,-7.087087447626274,3,2024,False
0.45091752,41.14484441069385,-8.411929005372658,5,2024,False
1.40319681,41.23832636364548,-8.340627736191854,5,2024,False
2.09543631,41.14292800942525,-8.410103230181,5,2024,False
4.40945121,41.11394502343237,-8.390563088831197,5,2024,False
0.50079562,41.14473583883066,-8.414813704145079,5,2024,False
1.48190962,41.246339230958995,-8.425623272364941,5,2024,False
0.13568986,41.14828900580571,-8.41756597222146,5,2024,False
1.0965686,41.14766027434405,-8.413346865170345,5,2024,False
0.45870534,41.208813447107396,-8.411221531669886,5,2024,False
30.08072081,41.519204299542395,-8.057857403439073,5,2024,False
0.32397627,39.08435820344023,-8.870776069320472,-1,2024,True
2.00161933,39.32866929279777,-9.24903262961453,-1,2024,True
7.70984047,41.96087868979262,-8.574336925212974,5,2024,False
1.32488563,39.56582364589736,-7.823918940123218,-1,2024,True
22.14259434,41.79293371012985,-8.720192905942081,5,2024,False
2.63087069,38.88455898245991,-8.101340497708236,-1,2024,True
0.35620715,38.950827858678714,-8.076241118521848,-1,2024,True
0.6689116,40.39427029909582,-7.291468290973101,-1,2024,True
0.85110359,41.33447412067408,-6.498182305613225,-1,2024,True
23.10074198,41.95739614324755,-8.596774783266365,5,2024,False
25.12359692,41.96484392127324,-8.589834207432265,5,2024,False
26.23128717,41.964798303942736,-8.574500076705537,5,2024,False
20.12213168,41.938613582188665,-8.561662419351894,5,2024,False
25.73533394,41.95129717264044,-8.588776789634018,5,2024,False
0.20323415,41.70616597751794,-8.694434933056987,5,2024,False
0.65132021,41.24934317807832,-8.60512679483989,5,2024,False
19.19778724,40.503658773280215,-6.98541496279779,-1,2024,True
1.41001802,38.82961436045174,-9.381746770819927,1,2024,False
0.84085435,38.829630035827975,-9.386827053068448,1,2024,False
3.03204769,38.84464684825609,-9.284044390863606,1,2024,False
0.50378994,41.36206873650616,-8.320090552440707,5,2024,False
20507.31115054,40.847997670792104,-7.96112720986033,5,2024,False
0.03073898,39.40282520960616,-8.830257467424815,-1,2024,True
0.31456452,39.39635311419539,-8.764261445173231,2,2024,False
0.05765106,39.40342007988956,-8.684534175366858,2,2024,False
0.21919938,39.38070065186845,-8.63068043855704,2,2024,False
1.65949701,38.85373337494751,-7.5783782404730005,-1,2024,True
3.50842702,40.840917495687556,-8.508657558867066,5,2024,False
0.10160342,40.7857478020971,-8.505290560389422,5,2024,False
0.0038836,39.29966201115018,-8.669561506530435,2,2024,False
0.0050219,39.30426512908952,-8.656039683724588,2,2024,False
0.15075639,39.30192608685444,-8.65854463268651,2,2024,False
0.17667455,39.37519281319736,-8.644255617939441,2,2024,False
6.91306768,41.270761584242095,-8.622949457183923,5,2024,False
383.6952962,41.04791404630756,-7.896090612262993,5,2024,False
27.01879454,41.038030239327014,-7.9032896922735825,5,2024,False
0.16251726,41.13737496548341,-8.00441251822169,5,2024,False
0.38853037,41.171621252988416,-7.958138638381596,5,2024,False
5.55957188,41.11296224129674,-8.024719630987715,5,2024,False
0.98187611,41.12654348558047,-8.04593118572646,5,2024,False
0.37251617,41.12490778934165,-7.982158318420716,5,2024,False
1.11079232,41.14842630074762,-8.077209055598015,5,2024,False
0.52791769,41.144617616738984,-8.058550483821628,5,2024,False
63.58094548,40.2106177842369,-7.369304613214435,-1,2024,True
0.39717226,41.49811343449361,-8.028981326975131,5,2024,False
0.58488264,41.515572770950456,-8.028058108557163,5,2024,False
1.09739272,41.55239286750623,-8.00005451511335,5,2024,False
3.08892162,39.37964532184854,-8.280073019771045,-1,2024,True
0.06812193,39.48144803100038,-8.299832804677306,-1,2024,True
0.73217227,40.36015900714316,-7.306366396927764,-1,2024,True
1.19066098,40.78068479168414,-8.514393204400266,5,2024,False
5.8581834,39.936207190986636,-8.454589685260874,2,2024,False
1.69167767,40.06111873907225,-7.10329684437894,-1,2024,True
12.98310987,39.776176842337094,-7.113139336630874,-1,2024,True
0.00808069,41.38710507122948,-8.128149775558047,5,2024,False
1.05227119,41.21655035566531,-6.744893156741122,-1,2024,True
0.24787315,41.50348005965007,-8.22451715995126,5,2024,False
0.77404546,41.233629311841476,-7.299323496693598,-1,2024,True
0.73134114,40.96250131171475,-7.566440977230605,5,2024,False
1.24984614,37.155085292387895,-8.381747653703874,-1,2024,True
2.97920354,37.20624971296801,-8.42333717810308,-1,2024,True
0.92958645,37.42295041017773,-8.322084512042782,-1,2024,True
1.08764632,37.206484348479776,-8.327068826210107,-1,2024,True
9.35366397,37.38508218306707,-7.5250207135232605,-1,2024,True
0.90216523,37.35158015540402,-7.443795673972634,-1,2024,True
25.09488094,42.05583791730875,-8.2699533261933,5,2024,False
14.42805597,41.76179521550263,-8.39015264055077,5,2024,False
47.3581261,41.73362532160443,-8.339746481490513,5,2024,False
23.86207571,41.95372398123575,-8.41547424821942,5,2024,False
18.55443447,40.987855872539924,-8.082300089822532,5,2024,False
0.66585298,40.516577796219586,-6.9896280844222085,-1,2024,True
1.27808001,41.5687375145416,-8.22407041180923,5,2024,False
0.52048124,41.56624685198485,-8.160547092158092,5,2024,False
4.97553478,41.57693835675706,-8.213281988264633,5,2024,False
0.35040872,39.93487984393542,-8.36835714040737,-1,2024,True
3.65096529,41.575156478210864,-8.219001291163725,5,2024,False
0.06290794,41.567071041513955,-8.158617115499968,5,2024,False
2.05082453,41.568615984476665,-8.15774126616409,5,2024,False
0.09857035,41.56967125671883,-8.221523033866372,5,2024,False
0.69236448,41.59236010529221,-8.183403592986503,5,2024,False
0.67602668,40.6160375980073,-7.239157248894551,-1,2024,True
0.57931633,40.595514003579,-7.29504296605906,6,2024,False
1.96400132,40.44332508875283,-7.25597490281439,-1,2024,True
0.84487997,40.53932270133961,-7.247619476534669,-1,2024,True
7.59922495,40.60940065296903,-7.280585536295925,6,2024,False
5.44149009,40.88404193419575,-7.719217854692773,-1,2024,True
0.94208287,39.03592678693912,-7.61605601702376,3,2024,False
0.70947079,39.89966177584605,-8.213530576899563,-1,2024,True
0.95812599,41.686750450290035,-7.737318111019559,5,2024,False
1.20623778,39.005532915453855,-7.075700275724826,3,2024,False
7.1530283,41.57470811012708,-8.217045860914764,5,2024,False
4.3931502,41.593310021592856,-8.215788403013262,5,2024,False
0.88068617,40.733438419799235,-7.966316496295868,5,2024,False
2.10924271,40.72868785513441,-7.788139539781032,6,2024,False
0.65904165,41.544046230836905,-8.260124536442822,5,2024,False
0.50783165,40.57410390097519,-7.949393692139336,6,2024,False
0.50044276,41.60362813495936,-8.233551335145412,5,2024,False
0.59272923,40.898932767983815,-6.89138828657193,-1,2024,True
0.66870046,40.96287483358479,-7.043488774370518,-1,2024,True
1.46359977,40.87783463828088,-6.847630553239465,-1,2024,True
1.2983247,40.85557741720358,-6.899736874358926,-1,2024,True
8.26810873,40.927637993612116,-7.010832682605496,-1,2024,True
3.58973728,40.892713574047896,-6.846455158456549,-1,2024,True
0.58668783,40.860049458839136,-6.850765855211863,-1,2024,True
4.20430487,40.881969461194345,-6.847714866021054,-1,2024,True
1.34869008,40.781602533190316,-6.871361909282105,-1,2024,True
1.31937544,40.8820999355516,-6.844629071908322,-1,2024,True
1.35518821,40.80462783975799,-6.864720502855744,-1,2024,True
0.64109476,40.954353219414955,-6.9083406392181415,-1,2024,True
3.54969642,40.878645100268734,-6.919996844408723,-1,2024,True
1.02848133,41.71987456303923,-7.673244148933515,5,2024,False
1.46001287,40.873096866421896,-8.64980261481432,5,2024,False
0.7888038,39.21670297244005,-7.310218796642327,-1,2024,True
4.98286296,39.44721391137939,-7.516328541424179,-1,2024,True
7.49115335,41.5516815008682,-8.251981526801996,5,2024,False
3.40552669,41.585081014997556,-8.15702163159786,5,2024,False
2.08713159,41.584866705127546,-8.228593782386449,5,2024,False
0.50689424,41.71012229465923,-7.7884863689476305,5,2024,False
1.25744314,41.65765584683445,-7.715966876739451,5,2024,False
1.09618506,41.68284625518494,-7.643563409839691,5,2024,False
0.95375492,41.65811699586358,-7.717515725393051,5,2024,False
1.97138142,41.72259921312274,-7.604711876192279,5,2024,False
0.60906393,40.30208473343406,-6.946436983026929,-1,2024,True
2.04751488,40.34603953688808,-7.128397021264427,-1,2024,True
1.08748393,41.71269485403567,-7.832254175633683,5,2024,False
0.51170907,40.50318289460184,-7.3140252195027955,6,2024,False
4.11652122,37.99559565547281,-8.472279090490686,0,2024,False
3.21465091,37.793777093840355,-8.634540145286094,0,2024,False
0.93698542,37.99646916840353,-8.454757167175071,0,2024,False
0.52770345,38.10707208677477,-8.754909427720875,-1,2024,True
0.15656167,40.00356865709869,-8.355709633216605,-1,2024,True
4.0184223,42.06124864910255,-8.344881026275107,5,2024,False
1.00159289,42.062368751883085,-8.347763333615655,5,2024,False
1.19823696,42.01976877812024,-8.51056093075744,5,2024,False
2.00318105,42.061952824401885,-8.349870739984452,5,2024,False
0.67883429,40.43677330489424,-6.967951502141471,-1,2024,True
1.48759137,40.389043379046974,-6.980038797313815,-1,2024,True
3.03307455,40.800463590106446,-8.604266826042451,-1,2024,True
2.69633735,40.80947642324023,-8.602946218992859,-1,2024,True
0.74978163,40.76977994068141,-8.33357928422215,5,2024,False
0.58199748,41.611537009273015,-7.29590367368252,5,2024,False
1.1388152,41.73203317625741,-7.240943607040661,5,2024,False
1.91631159,41.67466369549449,-7.375823448996544,5,2024,False
2.37396953,41.66798840548514,-7.360765819127055,5,2024,False
5.59553873,41.6082366262263,-6.892713784924903,-1,2024,True
2.55606933,41.48621190410895,-8.010116864310872,5,2024,False
1.39929761,41.54292223529716,-8.026361372873966,5,2024,False
0.95366227,41.500606048433724,-7.961154677399211,5,2024,False
0.10494504,41.619494503970344,-8.760144104546768,5,2024,False
100.88308706,41.79156967911045,-7.631219236142861,5,2024,False
4.31063417,40.18441272984626,-8.327456542039561,-1,2024,True
61.00673454,39.78624067746944,-8.606640917104121,2,2024,False
2.79915664,38.838121152407446,-7.247268385185015,3,2024,False
4.31597303,41.689811326528364,-7.766701439166057,5,2024,False
1.88667361,41.6652124689664,-7.382534096203091,5,2024,False
3.12764245,41.67231378193868,-7.3827905796857465,5,2024,False
1.77932416,41.6709483296073,-7.380997188010819,5,2024,False
1.1513227,41.48549788160328,-7.360528631666708,-1,2024,True
0.28482577,41.759597839055,-8.604322530983126,5,2024,False
0.0632787,40.77205366302603,-8.564787899146705,5,2024,False
0.66428656,41.9016369754089,-8.758867546497017,5,2024,False
1.67552241,39.54594913898442,-7.678264449267159,-1,2024,True
0.88878884,41.67502051077263,-8.566540323759455,5,2024,False
0.3004342,41.73787411437337,-8.655690169020112,5,2024,False
0.01063031,41.66955416128377,-8.638793608792822,5,2024,False
0.48437534,41.75849955851637,-8.540821238003057,5,2024,False
0.57482177,41.79016968721497,-8.558820868029963,5,2024,False
8.33606475,41.75876061227154,-8.543201192984274,5,2024,False
2.67288409,41.75929824858061,-8.608477977198554,5,2024,False
1.4788862,41.67066867786688,-8.635487936929273,5,2024,False
0.89609099,41.67182196167875,-8.635764874735191,5,2024,False
0.32365997,41.7766765109017,-8.577052685408422,5,2024,False
0.25903816,41.69703043636307,-8.51842454300011,5,2024,False
0.26528594,41.74321825639733,-8.474955174605189,5,2024,False
0.12396708,41.77618308075454,-8.579287055293088,5,2024,False
0.44360518,41.756652504926855,-8.543764011381823,5,2024,False
0.03980288,41.7598399879067,-8.604690796995007,5,2024,False
0.90813481,38.7080657988278,-8.448325052282858,-1,2024,True
0.0629273,38.67572136219576,-8.479163965825915,-1,2024,True
0.64716606,37.94638628691668,-8.79802659253593,-1,2024,True
1.97478313,37.93616479974608,-8.760634860530784,-1,2024,True
0.04513095,37.90306775566374,-8.77569217593656,-1,2024,True
0.50564134,40.80144764362937,-8.602368058739978,-1,2024,True
0.85521157,41.19241051198036,-7.577760867706104,5,2024,False
1.42524161,41.33580530284882,-7.585203858882584,5,2024,False
0.52839591,41.424454789559505,-8.031640595273299,5,2024,False
1.71528554,41.43512280794382,-8.081452744278629,5,2024,False
4.07651882,41.43999010425023,-7.9734168355324995,5,2024,False
2.30377991,41.42067400594884,-8.01057025160547,5,2024,False
1.3976315,41.46157688563467,-8.03544850127599,5,2024,False
3.1213176,41.444153877357024,-8.064655493308388,5,2024,False
3.23953365,37.91498260844174,-8.69163494105341,0,2024,False
2.84917087,41.40796979877381,-8.013363028444802,5,2024,False
3.30837112,41.39425276688256,-8.023766045682471,5,2024,False
3.53855872,41.372896855309335,-8.131816669130085,5,2024,False
0.56401858,41.43386233370055,-8.040407455547133,5,2024,False
1.38321732,41.420829206679564,-8.03433510020469,5,2024,False
2.01102481,40.657901473588105,-8.481738685776682,5,2024,False
2.21476482,40.62793808659818,-8.513209243604894,-1,2024,True
2.89601557,40.99674936384651,-8.37826950528329,5,2024,False
7.7161383,40.98347929297446,-8.627273348473583,5,2024,False
3.78898242,40.84508201219689,-8.291765425563048,5,2024,False
2.49425864,40.833662965139894,-8.372679804337688,5,2024,False
0.34650295,40.86072266361724,-8.37697011475002,5,2024,False
0.38305043,40.85710961758014,-8.369980511946027,5,2024,False
4.79184061,40.80254436197154,-8.294112996557844,5,2024,False
1.58841986,37.8905587139752,-8.205671173379015,0,2024,False
0.71769969,37.57163147266342,-8.07666314828036,0,2024,False
0.70121888,37.6584375282177,-8.102337122395172,0,2024,False
0.96808466,37.61492396612906,-7.764928177769595,-1,2024,True
0.8546882,38.21206857640552,-7.401862536651935,-1,2024,True
2.18004801,37.94322808035769,-7.628238434718972,-1,2024,True
4.3043023,37.9075083128616,-7.372112347727943,-1,2024,True
0.48254402,37.910236773501545,-7.397987269918973,-1,2024,True
1.37339614,37.879942097492474,-7.573371886700632,-1,2024,True
6.88248181,37.995164577844974,-7.4654591531614924,-1,2024,True
1.56478607,38.11544070240179,-7.614584980825739,-1,2024,True
2.27930933,37.92976164251379,-7.412404047388683,-1,2024,True
1.51136591,38.04655568391492,-7.4148441453915925,-1,2024,True
2.33902864,41.59038680639296,-8.649764780410944,5,2024,False
0.70657389,41.49822637700716,-8.27057042446785,5,2024,False
2.51448229,41.52770272271984,-8.31239749849236,5,2024,False
2.8082111,41.526842004789565,-8.348600901417724,5,2024,False
0.49637868,41.49472704168364,-8.303894864927921,5,2024,False
1013.64683216,41.518982021473775,-8.253799225790521,5,2024,False
2.52938291,41.5164768361544,-8.238097108320767,5,2024,False
0.692402,41.57052000580124,-8.195729824041816,5,2024,False
4.97636746,41.704955587463154,-8.117460486648179,5,2024,False
2.66650995,41.71772506886737,-8.227464197094594,5,2024,False
2.52363016,41.69678005853701,-8.264753201197584,5,2024,False
0.53834733,41.731989488246164,-8.236968475163769,5,2024,False
6.20972073,41.749341513604,-8.273183151974541,5,2024,False
9.75902685,41.56142709219761,-8.148298024631073,5,2024,False
6.02661941,41.56839268964647,-8.082185729546795,5,2024,False
3.00304339,41.68142694569739,-8.013167476884707,5,2024,False
3.0411246,41.676797989081386,-8.093501030998018,5,2024,False
2.65136813,41.5943707111481,-8.18801924144206,5,2024,False
1.39913022,41.65463790519915,-8.1568417679771,5,2024,False
1.19242323,41.658396279259954,-8.153396970639582,5,2024,False
0.66610534,41.67783383858467,-8.092125150981992,5,2024,False
0.65275026,41.65144667759949,-8.030022289296525,5,2024,False
0.63766943,41.64873580200944,-8.117274561764274,5,2024,False
0.50568698,41.57246179742158,-8.135970599923867,5,2024,False
5.15823503,41.59382079136702,-8.16456361637986,5,2024,False
4.40925033,41.59428824164504,-8.178684255893664,5,2024,False
4.03518237,41.67486168275068,-8.12562779209154,5,2024,False
2.60381479,41.66028040145397,-8.016397419565767,5,2024,False
0.7654098,41.67255338803734,-8.122757904315295,5,2024,False
0.55546638,41.68177962467258,-7.996124410062891,5,2024,False
7.47025342,41.392454460916355,-8.601727241176892,5,2024,False
35.07399892,41.743758596322,-8.325120150227637,5,2024,False
4.73244523,41.730499955957676,-8.38623220350352,5,2024,False
4.56910865,41.45190237890605,-6.911825594280209,-1,2024,True
2.62099903,41.87836349345096,-6.713960048711953,-1,2024,True
1.53083739,41.3137970561734,-7.2942617057135815,-1,2024,True
3.32709736,41.267641297839646,-7.290303268261487,-1,2024,True
1.19728653,41.20408408427033,-7.3230657178888885,5,2024,False
4.11977945,41.16709716331473,-6.772960968019299,-1,2024,True
1.69249842,41.08804237306044,-6.793569332675339,-1,2024,True
2.26264502,41.54932460566038,-6.3070768497959335,-1,2024,True
2.21309527,41.39223131096046,-6.4361917024626045,-1,2024,True
2.05584647,41.50560177022239,-6.315955124027107,-1,2024,True
3.62970906,41.47245313756764,-7.207798098851935,-1,2024,True
1.84797633,41.508888184272465,-7.15672505624571,-1,2024,True
1.5788238,41.656689004789555,-7.134772439108716,-1,2024,True
0.84225533,41.64201413429367,-7.230305596658805,5,2024,False
0.74735837,41.40900286660211,-7.158902852324527,-1,2024,True
0.78252083,41.30340276804516,-6.622217585523491,-1,2024,True
2.95973214,41.34707411753386,-6.606830814181066,-1,2024,True
1.07658436,41.281440077509494,-6.490270448459688,-1,2024,True
2.62095294,41.628239753712535,-6.454368116103659,-1,2024,True
1.30110006,41.8734382271736,-6.912526222455352,-1,2024,True
1.50674129,39.76937489774772,-7.588180938358408,-1,2024,True
0.68826083,39.87884782579943,-7.375904857685845,-1,2024,True
1.90147315,39.91705032314549,-7.419498897558192,-1,2024,True
2.59269471,39.84970948701287,-7.506003110237281,-1,2024,True
9.88857214,40.325423167152586,-7.460872158190371,-1,2024,True
1.01036689,40.182654604866485,-7.339907406573676,-1,2024,True
5.24838725,40.08316462317351,-7.3933545387283734,-1,2024,True
2.2321391,40.012268516016064,-7.438394923083489,-1,2024,True
1.01836265,40.20009865509002,-7.456606769124515,-1,2024,True
0.77247354,39.95139711505418,-7.935956052691167,-1,2024,True
0.51852842,39.88699509338627,-7.959641149721638,-1,2024,True
0.66096447,38.57856964325717,-7.764639639933268,-1,2024,True
1.15238405,38.58227881269763,-7.785272029689083,-1,2024,True
2.58592495,38.6742315782728,-8.026615483796128,-1,2024,True
7.61378755,38.64258880704759,-7.948959789969833,-1,2024,True
6.34164135,38.60406046056804,-8.037661542112025,-1,2024,True
2.54067573,38.58550311652468,-7.894955321655171,-1,2024,True
10.65925276,38.552008970081644,-7.893427247924855,-1,2024,True
0.80000713,38.53183783564692,-7.949337090532987,-1,2024,True
3.06660301,38.65205140911628,-8.143929446768427,-1,2024,True
0.82087396,38.687780184540536,-8.193461089556655,-1,2024,True
1.04883621,38.59211788235967,-8.177334760354565,-1,2024,True
0.59210222,38.54649758572444,-8.19732016501908,-1,2024,True
4.93921328,38.32277418790371,-7.885176582013831,-1,2024,True
0.66183537,38.32027725691925,-7.887740854009993,-1,2024,True
2.04633516,38.31857354830505,-7.849049082591204,-1,2024,True
2.11006102,38.321647160754985,-7.886735848938901,-1,2024,True
1.52378949,38.27027719331589,-7.813275239364349,-1,2024,True
1.46406236,38.323287414098104,-7.860778862595861,-1,2024,True
1.18905271,38.320232874722564,-7.789699304264426,-1,2024,True
3.61932028,37.04305381608772,-7.851472422718725,-1,2024,True
1.52743694,37.077273697448305,-7.716430237460729,-1,2024,True
3.94884412,40.623075542059865,-7.457147985383667,6,2024,False
1.82051533,40.651916951763035,-7.3121715166089984,6,2024,False
4.53355267,40.59607981860763,-7.558153396929188,6,2024,False
0.61027526,40.61476243898805,-7.556063350003389,6,2024,False
0.33593468,40.61532158090489,-7.515322512786378,6,2024,False
1.50510754,40.51546830264762,-7.6339582975344475,6,2024,False
1.40424403,40.89454756016519,-7.199046445211071,-1,2024,True
0.62605184,40.74986332277917,-7.061644815756141,-1,2024,True
2.38626965,40.803708844016455,-7.253717078622798,-1,2024,True
1.81453391,40.78897102238093,-7.29849291044591,-1,2024,True
1.00694312,40.90144695759263,-7.342340145347047,-1,2024,True
0.65080343,40.80728727282806,-7.3390088812076995,-1,2024,True
2.0150308,41.06867933811986,-7.091602497319434,-1,2024,True
1.6166241,39.41959127187976,-9.012104029337653,-1,2024,True
0.64641689,40.009927986026156,-8.27854097389249,-1,2024,True
4.9280622,39.711411190254815,-8.678772883700704,2,2024,False
0.6193972,39.90130902995955,-8.869445945598805,-1,2024,True
9.61807144,39.54493300944444,-9.100975569723115,-1,2024,True
6.39660523,39.801358820525536,-8.552767178650955,2,2024,False
5.02380054,39.782690645189895,-8.58758601482685,2,2024,False
0.93048566,39.78955474709386,-8.61217730265913,2,2024,False
0.99618344,39.815278610702315,-8.595037759370586,2,2024,False
0.70791769,39.78382944312575,-8.584852658292936,2,2024,False
1.70700046,39.533284009150954,-7.614402217773554,-1,2024,True
5.82739562,41.05225974960965,-8.427215011679394,5,2024,False
9.24564493,41.074114808673166,-8.509005437821493,5,2024,False
0.5828059,41.13135703544445,-8.496927748397727,5,2024,False
1.21243752,41.08314404949217,-8.506545715154818,5,2024,False
1.5616897,41.08009395784985,-8.441532120047954,5,2024,False
1.77955362,41.14920532154658,-8.498270352748376,5,2024,False
2.00866279,41.19917020062813,-8.536982491156976,5,2024,False
2.53919534,41.17054304409835,-8.505739757488344,5,2024,False
3.09707812,41.20011258893734,-8.536993623955068,5,2024,False
2.61663263,41.29438455155658,-8.287707663962394,5,2024,False
0.00502068,41.22571085963161,-8.404923040675744,5,2024,False
0.88378317,41.337073655978266,-8.408456053481226,5,2024,False
1.92058772,41.336517307410624,-8.410704174283667,5,2024,False
1.40448814,41.341248986072706,-8.4592566503808,5,2024,False
2.25286037,38.62792129807652,-9.043651004427469,1,2024,False
4.65441498,41.36633683147732,-8.626043860745774,5,2024,False
1.06022465,39.47277155162704,-8.632819899761385,2,2024,False
0.93091019,39.48677895098682,-8.654633215703667,2,2024,False
3.47861881,38.996006989769775,-8.309358150645812,-1,2024,True
0.49069926,38.840083652698155,-8.573711512684085,-1,2024,True
0.99341946,39.46745678594272,-8.488977014721154,2,2024,False
0.64987603,39.62991565942211,-8.537784060631452,2,2024,False
0.55670399,39.069097479034944,-8.706084606651984,-1,2024,True
4.6315096,39.06062896332642,-8.64063229862234,-1,2024,True
2.03624347,39.27867029569158,-8.70332020567131,2,2024,False
5.5116924,39.511797542696826,-8.647125561100646,2,2024,False
2.22277051,39.4489837753217,-8.529095406576213,2,2024,False
5.82538651,38.520099649851474,-8.580251843651903,-1,2024,True
1.47018655,38.35241071018821,-8.476846195167901,-1,2024,True
1.01851962,38.3320642850371,-8.242791718105108,-1,2024,True
0.80841836,38.72023406763701,-9.008016422265342,1,2024,False
0.06668804,38.72404215706968,-9.001898104753298,1,2024,False
1.32771013,38.63638825374109,-9.030435844578351,1,2024,False
0.85288049,38.275678263420254,-8.656019230114468,-1,2024,True
0.88159436,38.67691182966557,-8.62944041285951,-1,2024,True
3.12113928,38.55132134279524,-8.756946982024655,-1,2024,True
1.51727843,37.46883756681244,-8.669948672691607,-1,2024,True
4.08765463,37.67986471687538,-8.692835597323674,-1,2024,True
1.04378188,37.70530367822517,-8.76338091742608,-1,2024,True
1.06851756,37.82487456156072,-8.427373436813722,0,2024,False
0.74080912,37.73743624279162,-8.489246480589781,0,2024,False
0.53781488,37.74139101003129,-8.416525570936997,0,2024,False
2.56501797,37.7162984603637,-8.425963987489,0,2024,False
1.93867509,37.55608762884449,-8.26486262218822,0,2024,False
1.45663624,37.72604822287378,-8.370588377313327,0,2024,False
1.01152802,37.717472481504544,-8.286565260044853,0,2024,False
4.68540036,41.94356334861555,-8.421834605207433,5,2024,False
6.50518982,41.87741710215772,-8.210138282495576,5,2024,False
6.33685921,41.88665509266384,-8.472061014927354,5,2024,False
1.69320905,41.89151602609577,-8.453518970029934,5,2024,False
8.01364082,41.89241791311099,-8.455486175539638,5,2024,False
1.17217433,41.8611248590424,-8.495715491602276,5,2024,False
8.47580238,41.91767706803461,-8.412296113910632,5,2024,False
2.49186127,41.94737565707142,-8.438846484092716,5,2024,False
4.5359142,41.97794288597931,-8.368778306063675,5,2024,False
0.85498403,41.887455248303404,-8.445943943748832,5,2024,False
4.19597865,41.863936044163545,-8.447348891843458,5,2024,False
2.72187076,41.87612913532178,-8.448804105447808,5,2024,False
0.63322671,41.90828572031799,-8.391118518985243,5,2024,False
5.55656699,41.90737441273778,-8.39408678527187,5,2024,False
2.11241279,41.93403689927596,-8.350938526611724,5,2024,False
2.36667947,41.93840265249328,-8.448895624925832,5,2024,False
0.89486099,41.814427102213145,-8.520937642802698,5,2024,False
3.04804061,41.92817511554174,-8.344942602307176,5,2024,False
0.64778485,41.987585176389594,-8.330621601420646,5,2024,False
0.26953409,41.89512100734056,-8.453549658912324,5,2024,False
0.35200798,41.887802746449296,-8.443796780540874,5,2024,False
0.16750545,41.89213878311689,-8.446549880178312,5,2024,False
0.32228412,41.929745342251465,-8.39612818895019,5,2024,False
0.34595762,41.97417466665442,-8.335099695790422,5,2024,False
0.73365409,41.8571266577116,-8.386964838256263,5,2024,False
1.6944288,41.85287978597217,-8.391640851438023,5,2024,False
0.26119707,41.882122908301305,-8.44970234096101,5,2024,False
0.94391934,41.885337371993685,-8.448848104030523,5,2024,False
0.65513289,41.88668969991215,-8.44870412228615,5,2024,False
0.28384388,41.882612040702035,-8.449570533578909,5,2024,False
0.521019,41.843944378328125,-8.482787864404004,5,2024,False
0.19346958,41.81956811004981,-8.475680997151613,5,2024,False
5.51310885,41.93235357120617,-8.500942754166347,5,2024,False
6.6984546,41.81686517435544,-8.519610462952022,5,2024,False
4.13220876,41.87729233750692,-8.337709849381929,5,2024,False
4.29219629,41.94237802051884,-8.500307095209866,5,2024,False
3.15572283,41.81596551022673,-8.489094965903067,5,2024,False
1.76420115,41.81889957180911,-8.487673990236736,5,2024,False
3.02301477,41.930641257349755,-8.45570989714973,5,2024,False
5.40093161,41.82896224912317,-8.521991821947266,5,2024,False
3.77744239,41.831555430383396,-8.37235503663295,5,2024,False
5.55922401,41.849023140299636,-8.352574168291422,5,2024,False
1.91086218,41.93586654754931,-8.409592287999223,5,2024,False
0.85243865,41.94903622055,-8.437977057293535,5,2024,False
2.21896416,41.87361792901457,-8.318007852785366,5,2024,False
1.97957526,41.83794152749499,-8.466679132785703,5,2024,False
0.60835428,41.938066200688056,-8.387250370210127,5,2024,False
5.27212574,41.93799041776698,-8.384895486725803,5,2024,False
1.01911434,41.97180329421954,-8.462153198837598,5,2024,False
1.46330184,41.83373702051432,-8.368106742681759,5,2024,False
1.54562936,41.94707088653956,-8.457170709701618,5,2024,False
0.28045526,41.9375567702632,-8.487419003514063,5,2024,False
1.63752942,41.81983387677528,-8.516443465686,5,2024,False
1.24999545,41.829715786399916,-8.523559371546412,5,2024,False
1.58557649,41.8861084422491,-8.447590586226825,5,2024,False
9.62417404,41.838562929197735,-8.435830287591623,5,2024,False
0.16005593,41.8295706903424,-8.524510706942944,5,2024,False
0.9995789,41.83030820107726,-8.525031162050974,5,2024,False
0.50892515,41.83827036668509,-8.434601820558015,5,2024,False
1.48410768,41.84238775166868,-8.359586256140792,5,2024,False
0.81661694,41.937817785852154,-8.488041809012683,5,2024,False
0.80793461,41.83866238418138,-8.46589964499633,5,2024,False
0.61724348,41.949179665402525,-8.435227816571217,5,2024,False
1.86774089,41.83790263782965,-8.46534537473397,5,2024,False
1.12116953,41.908243760411985,-8.387337863117265,5,2024,False
0.83429008,41.82339432142471,-8.516961771381023,5,2024,False
0.39315349,41.815425983374034,-8.486020236772784,5,2024,False
0.49320891,41.936976360862836,-8.486431121497352,5,2024,False
1.34715511,41.822357214391886,-8.51882006949702,5,2024,False
1.00091782,41.97254394809125,-8.462639248613035,5,2024,False
0.49195244,41.8340610999141,-8.366799922827061,5,2024,False
1.01675869,41.81951591319234,-8.517073502891055,5,2024,False
1.31141948,41.89323476681961,-8.48697966269222,5,2024,False
1.14318838,41.90850566646797,-8.408969364740372,5,2024,False
1.03883541,41.83774550240563,-8.434346834396345,5,2024,False
0.52821072,41.846784505534636,-8.463500281554513,5,2024,False
0.27516244,41.93738580212583,-8.486045108486046,5,2024,False
0.99634881,41.82814460985632,-8.3762512500808,5,2024,False
1.0584492,41.84205774191599,-8.360794095065149,5,2024,False
2.01586626,41.83136696328441,-8.49194872374263,5,2024,False
0.77347094,41.93534398889513,-8.408669773302673,5,2024,False
0.3732685,41.83871174678773,-8.466365048502452,5,2024,False
0.20227812,41.836649369705114,-8.464755693550215,5,2024,False
1.94388808,41.874976900725024,-8.435693415553326,5,2024,False
1.67606898,41.84286738595715,-8.483554450821101,5,2024,False
0.6192525,41.87601049100357,-8.316446946958244,5,2024,False
0.23393893,41.83458196193598,-8.315110823226055,5,2024,False
0.1289758,41.93753342351794,-8.487012556807425,5,2024,False
0.54230316,41.82904228451999,-8.376738675810588,5,2024,False
1.0008306,41.81830778229542,-8.374864360438883,5,2024,False
0.38933209,41.8329564170037,-8.43199562700714,5,2024,False
0.4088297,41.83938108253516,-8.465096377392534,5,2024,False
0.34341973,41.83698214915376,-8.464583000666329,5,2024,False
0.35378012,41.89307103824142,-8.453234982627775,5,2024,False
0.34098666,41.89375689384572,-8.45286443344062,5,2024,False
0.02693534,41.83705680255415,-8.466938370925044,5,2024,False
0.56050139,41.88696813845714,-8.36294540251852,5,2024,False
0.14767361,41.83820124674745,-8.464736860910644,5,2024,False
0.34435858,41.85358137553645,-8.444434891489452,5,2024,False
0.02162377,41.84200399082901,-8.429291029007747,5,2024,False
0.23338142,41.88440499893505,-8.44689707695229,5,2024,False
0.13451868,41.885807937822754,-8.448503021637976,5,2024,False
0.92409551,41.82884927858366,-8.522548438019285,5,2024,False
6.45606011,41.879320926733804,-8.762154246859069,5,2024,False
2.71002371,41.87747625178885,-8.760123625480428,5,2024,False
13.18427264,42.073300828327646,-8.2362445033851,5,2024,False
8.83528203,42.01766029746957,-8.131747762908073,5,2024,False
3.56232239,42.03909201878818,-8.24274075640883,5,2024,False
2.03514249,41.9829559457306,-8.283484141818853,5,2024,False
1.77391805,42.0850182199674,-8.286370358180907,5,2024,False
1.2187233,42.07454916317437,-8.332404798685833,5,2024,False
1.22012032,42.07631264592872,-8.239148639113408,5,2024,False
1.00169398,42.130640427988325,-8.245486718194856,5,2024,False
10.30200647,42.08332229089785,-8.229698420650255,5,2024,False
3.2891349,42.08703668920067,-8.305175429160656,5,2024,False
17.64006009,42.020957914907704,-8.22682306586482,5,2024,False
1.00154114,42.03552153392562,-8.158175072748595,5,2024,False
0.96350538,42.09436132007202,-8.294099768437588,5,2024,False
0.49651202,42.07497277624858,-8.189565987220481,5,2024,False
0.10681865,42.059525930478614,-8.295604415202206,5,2024,False
0.41935039,42.08243925055722,-8.285113544761534,5,2024,False
0.6674216,42.07465319141346,-8.467536453591253,5,2024,False
1.55211765,42.06313161656311,-8.346602779418536,5,2024,False
6.63648489,41.96552588707051,-8.569114782242538,5,2024,False
2.1024921,41.95868461809401,-8.564746781738844,5,2024,False
4.89392922,41.94371530778747,-8.588948791340107,5,2024,False
1.00137859,41.87823051585917,-8.521984202264546,5,2024,False
1.43808296,41.974692859692645,-8.560511141899793,5,2024,False
0.29639176,41.92680075109277,-8.615952450069248,5,2024,False
4.39939819,41.90733040640503,-8.501682326639932,5,2024,False
0.90122311,41.79356587104597,-8.343530027976616,5,2024,False
5.04508121,41.766788027577135,-8.346114662357772,5,2024,False
6.00365077,41.766576198883236,-8.335855900925571,5,2024,False
0.10490491,41.860286022258585,-8.246528259342345,5,2024,False
78.35463672,41.77492455421596,-8.317243868215689,5,2024,False
3.47653901,41.76425370193459,-8.313030675629149,5,2024,False
0.69990194,41.76549399252356,-8.428829205157404,5,2024,False
0.75372887,41.78716410075778,-8.452672969312268,5,2024,False
0.93259304,41.76367376220902,-8.38898854903968,5,2024,False
0.50348987,41.79085598801701,-8.471397243856083,5,2024,False
0.20645914,41.78300626422523,-8.316656774823596,5,2024,False
0.84333816,41.77626998183719,-8.456613155206234,5,2024,False
3.65733528,41.7551288552232,-8.524992758641051,5,2024,False
2.66392776,41.7559680050206,-8.648714644972834,5,2024,False
1.85100079,41.785436555828625,-8.55460169177828,5,2024,False
3.20783629,41.820765843443695,-8.53824092589635,5,2024,False
1.31927377,41.760488085353074,-8.667294641253614,5,2024,False
3.71408234,41.74034809105633,-8.510972467309928,5,2024,False
1.64802949,41.78945222934704,-8.558808513766547,5,2024,False
2.11032907,41.701458204881575,-8.526963258802112,5,2024,False
5.05539343,42.00395333661218,-8.567120070562332,5,2024,False
1.90514493,41.98269510419544,-8.55589934136529,5,2024,False
0.63142794,42.01170806234785,-8.585327206057482,5,2024,False
0.64197156,42.001567587580894,-8.565776109457703,5,2024,False
2.26439372,42.005386378837635,-8.606194297671422,5,2024,False
2.30763197,41.9705220265451,-8.573596764852041,5,2024,False
2.03055581,41.99446702744407,-8.60863617044986,5,2024,False
1.05281087,41.96672911309342,-8.576260120801944,5,2024,False
1.19865098,42.002577335842744,-8.630513275393755,5,2024,False
1.00156156,42.013531021382796,-8.544991057668417,5,2024,False
1.07450057,42.02963207968462,-8.611071384967723,5,2024,False
2.00041245,41.95843213349497,-8.67034795397276,5,2024,False
0.86139722,41.97655587158915,-8.715731197120444,5,2024,False
0.03863722,41.97125461309982,-8.680456828465992,5,2024,False
0.69681541,41.86427826879412,-7.209476117584585,-1,2024,True
4.67493001,41.758975028592104,-7.481302177582073,5,2024,False
1.16472168,41.688359978018,-7.486661742039347,5,2024,False
1.27793137,41.67519654510182,-7.44483630779293,5,2024,False
7.14206312,41.79338451238726,-7.81411647823485,5,2024,False
8.44552613,41.86470374775019,-7.742302592899306,5,2024,False
5.56204114,41.71691238113553,-7.873674634669081,5,2024,False
2.6217417,41.729035745199205,-7.7590472555007866,5,2024,False
3.33070125,41.71901022461779,-7.908541291138446,5,2024,False
4.72984989,41.707531596251236,-7.995849773898906,5,2024,False
1.08936472,41.66145331015652,-7.974753254714318,5,2024,False
1.59767741,41.73062655732721,-8.005031115191304,5,2024,False
1.39740513,41.8082592492046,-7.682707972575434,5,2024,False
5.32324115,41.732373761191084,-7.98570175817469,5,2024,False
2.50290655,41.85368915423547,-7.933666173010276,5,2024,False
0.74788206,41.14818846739245,-7.819136441602127,5,2024,False
0.58169757,39.775879024350544,-8.531283774530923,2,2024,False
0.79926157,39.64140496167995,-8.560253385076539,2,2024,False
0.7655528,39.71029114978345,-8.633402771608525,2,2024,False
7.79549547,39.78643225320501,-8.625304826194663,2,2024,False
0.53084406,39.67045523635101,-8.620774649179834,2,2024,False
0.05156143,39.70672125596725,-8.654022552217631,2,2024,False
2.59096853,39.61854603617504,-8.537279642629162,2,2024,False
0.60373541,41.52996609789409,-7.427942252029479,5,2024,False
6.98161001,41.038288321374544,-8.066493627267093,5,2024,False
5.58032191,40.99001178049711,-7.963936795588938,5,2024,False
0.60550096,41.06714961812216,-8.085601858278453,5,2024,False
0.50484101,40.999673097603655,-8.148165084338556,5,2024,False
4.72844501,40.988706155388925,-7.953067224845327,5,2024,False
0.60024025,41.004672323308235,-8.038342586423685,5,2024,False
6.96973088,40.9874056746599,-8.132666475041246,5,2024,False
3.02422769,41.016890884066214,-8.156867139540516,5,2024,False
1.72879256,41.013072916401825,-8.175102121447747,5,2024,False
6102.51683577,40.61380631486069,-7.67036398574361,6,2024,False
6.80199328,40.94261728576463,-7.3448196245600075,-1,2024,True
1.60220578,41.05556174464146,-7.399996528577829,5,2024,False
1.47290792,41.054493610688034,-7.3979067653259865,5,2024,False
11.36416077,41.05671428707459,-7.928871913734412,5,2024,False
0.6539976,41.06563389128005,-7.927761901806031,5,2024,False
0.17119653,41.066942344319806,-7.938493712842374,5,2024,False
0.01927801,41.07607794792202,-7.936130058794895,5,2024,False
0.00591788,41.04921278455857,-7.93015760446486,5,2024,False
0.74259607,41.085900025872924,-7.456947525349217,5,2024,False
1.49926571,41.16363266454128,-7.5224700967164235,5,2024,False
0.76233395,41.07733833548615,-7.406311139867587,5,2024,False
0.89169998,41.042110918122106,-7.471722650280405,5,2024,False
0.50799171,41.16513175391511,-7.521373788010205,5,2024,False
1.77239213,41.06747085933981,-7.544617030656572,5,2024,False
1.09958227,41.069379857639454,-7.527313461916701,5,2024,False
1.46166665,41.07690895850248,-7.750326767029207,5,2024,False
1.32485695,40.52890626599185,-8.072403555109233,-1,2024,True
2.89323186,40.929951857969776,-7.818632656528441,5,2024,False
0.86757457,41.455284136349235,-7.570411201974686,5,2024,False
3.50961813,41.443109323695616,-7.653201546463306,5,2024,False
1.02779124,41.4661752024248,-7.7408961808808145,5,2024,False
1.43835905,41.44294044170262,-7.721726658829442,5,2024,False
0.75906823,41.50339522979468,-7.506582730449912,5,2024,False
5.15662451,41.54171651669196,-7.520894738412065,5,2024,False
0.83689789,41.46002512876106,-7.700741966819601,5,2024,False
0.56129738,41.46066537922706,-7.646761520211222,5,2024,False
3.9193225,41.441687729608226,-7.723835758869791,5,2024,False
0.30947764,41.41941163563351,-7.697534223986754,5,2024,False
1.00026988,41.431685263211705,-7.702308004095243,5,2024,False
3.8066822,41.52651899571792,-7.774273455550641,5,2024,False
6.1762655,41.46699386185098,-7.7659437148868555,5,2024,False
1.36592115,41.465419491212025,-7.76174637825166,5,2024,False
1.88878249,41.52362213253952,-7.831015386608469,5,2024,False
4.07816287,41.41586412152384,-7.815749329520642,5,2024,False
1.35317247,41.64099023993633,-7.742892727278182,5,2024,False
1.93163288,41.49834327877065,-7.774625392277853,5,2024,False
0.8937878,41.45050749162554,-7.735294231599916,5,2024,False
0.51896329,41.454917462826074,-7.813634682738797,5,2024,False
3.50328879,39.990598841013046,-8.591853737947162,2,2024,False
1.85964319,39.78179427200545,-8.584330274623303,2,2024,False
0.94270723,38.97294345758368,-9.140750777002077,1,2024,False
1.36266499,38.9739123207204,-9.167311796027324,1,2024,False
2.06882813,38.93162233875763,-7.448093070760157,3,2024,False
0.74931177,39.05547139692496,-7.439870501461616,-1,2024,True
0.48653494,38.92304776451652,-7.442934407887177,3,2024,False
0.75337391,41.185364370016956,-8.211245693454925,5,2024,False
0.88228043,41.21317428632669,-8.207943488817047,5,2024,False
1.1795758,37.670232153004065,-7.4894988628034955,-1,2024,True
0.73766443,41.56898225118325,-7.834634709934028,5,2024,False
1.11178741,41.54899295388795,-8.176004833634131,5,2024,False
0.42648813,41.13341584453245,-8.07148399571006,5,2024,False
2.58612375,41.230049811132,-8.293583048283653,5,2024,False
6.09967197,40.960362589307636,-8.056886923907939,5,2024,False
3.5222722,40.94090277287121,-8.03755561880564,5,2024,False
0.65715651,40.96985582948962,-7.878975428809564,5,2024,False
0.72776432,40.96403217028114,-8.05502409180926,5,2024,False
0.64946431,41.013663920088455,-7.937330843117307,5,2024,False
0.77152498,40.927542777184094,-7.902391702506129,5,2024,False
2772.40428043,41.12893276227862,-8.069039821682113,5,2024,False
2292.39589319,41.06875497855683,-8.019174954782981,5,2024,False
3.76774878,41.32435365519307,-7.797161808774264,5,2024,False
0.63976676,41.30576610563995,-7.844153782745816,5,2024,False
1.22509318,41.26062322711369,-7.710360009831446,5,2024,False
0.89766455,41.28424324845124,-7.681763730303405,5,2024,False
1.73397683,41.306078296248465,-7.845186739581,5,2024,False
0.89506181,41.27481760239302,-7.661557227592751,5,2024,False
0.12797076,41.3106967308434,-7.692869715079924,5,2024,False
0.32451442,41.28063677105846,-7.719273363256822,5,2024,False
0.5973965,41.04732838966975,-7.655591757182289,5,2024,False
0.68972691,41.0783136526671,-7.7079408621276615,5,2024,False
0.4868968,41.43534715746298,-7.505094343632444,5,2024,False
1.2797683,41.402061402369554,-7.464201230410842,5,2024,False
3.07173422,41.42230407714287,-7.365472387787426,-1,2024,True
2.97242502,41.26079841013496,-8.042888236460122,5,2024,False
3.97467237,41.262359210437054,-8.03764657083727,5,2024,False
4.36735092,41.30541408614917,-8.14505337325739,5,2024,False
0.65442978,41.271947359096515,-8.15008582472557,5,2024,False
1.25228556,41.266849755393345,-8.042863400276344,5,2024,False
7.90608684,41.295121695247154,-8.082086085655423,5,2024,False
